Geography,Timeframe,Current Year Week Ending,Type,ASP Current Year,Total Bulk and Bags Units,4046 Units,4225 Units,4770 Units,TotalBagged Units,SmlBagged Units,LrgBagged Units,X-LrgBagged Units,Quarter,Month,Pct_Change_Units,Pct_Change_Price,Elasticity
California,Weekly,2021-01-11,Organic,1.740611886,376178.67,123236.27,57994.25,34.38,194913.77,,,,2021Q1,2021-01,,,
California,Weekly,2021-01-17,Organic,1.745864279,394732.15,123138.69,68676.63,8.44,202908.39,,,,2021Q1,2021-01,0.04932092508062724,0.003017555517255799,16.344662028117476
California,Weekly,2021-01-24,Organic,1.701653488,406028.76,130153.9,66508.94,0.0,209365.91,,,,2021Q1,2021-01,0.028618418844271964,-0.025323154572658546,-1.13012850599472
California,Weekly,2021-01-31,Organic,1.585137313,389566.49,116970.9,66120.51,11.77,206463.31,,,,2021Q1,2021-01,-0.04054459097922036,-0.06847232754592403,0.5921310466922177
California,Weekly,2021-02-07,Organic,1.682934669,390947.22,116341.45,70391.87,15.22,204198.68,,,,2021Q1,2021-02,0.0035442730199919392,0.06169645695546122,0.05744694581976654
California,Weekly,2021-02-14,Organic,1.706622526,382045.99,120613.02,57188.06,17.48,204227.43,,,,2021Q1,2021-02,-0.022768367556111446,0.01407532772147091,-1.617608343241623
California,Weekly,2021-02-21,Organic,1.577618527,399038.58,131158.36,56097.95,10.35,211771.91,,,,2021Q1,2021-02,0.044477865086347323,-0.0755902357051157,-0.5884075459145209
California,Weekly,2021-02-28,Organic,1.487196314,539855.54,118183.67,218415.8,366.3,202889.78,,,,2021Q1,2021-02,0.3528905901780224,-0.05731563838309317,-6.156968676146111
California,Weekly,2021-03-07,Organic,1.562090585,478370.4,118753.15,124871.91,45.22,234700.12,,,,2021Q1,2021-03,-0.11389183854628959,0.050359371049382595,-2.2615818302140194
California,Weekly,2021-03-14,Organic,1.64945752,402633.58,92128.64,67003.36,1.47,243500.12,,,,2021Q1,2021-03,-0.15832254671275647,0.05592949335905506,-2.830752384906484
California,Weekly,2021-03-21,Organic,1.721854294,381540.42,84464.48,69011.23,5.49,228059.22,,,,2021Q1,2021-03,-0.05238798015803858,0.0438912631105528,-1.1935856123822262
California,Weekly,2021-03-28,Organic,1.715793703,385623.69,82113.34,61817.31,11.46,241681.58,,,,2021Q1,2021-03,0.010702064017227952,-0.003519804794818504,-3.040527711361276
California,Weekly,2021-04-04,Organic,1.739532747,412943.85,111154.44,64587.92,31.49,237170.0,,,,2021Q2,2021-04,0.07084668475632294,0.013835605037186616,5.120606187145769
California,Weekly,2021-04-11,Organic,1.741818873,420106.36,115975.03,58502.6,20.6,245608.13,,,,2021Q2,2021-04,0.017344997388870187,0.0013142184324743678,13.197956260751562
California,Weekly,2021-04-18,Organic,1.746800311,420737.34,112608.32,51151.38,20.0,256957.63,,,,2021Q2,2021-04,0.0015019529816211463,0.002859905858879852,0.5251756721144034
California,Weekly,2021-04-25,Organic,1.762900191,434914.35,114004.62,61027.58,27.56,259854.59,,,,2021Q2,2021-04,0.033695630627887496,0.009216783337291146,3.655899178138953
California,Weekly,2021-05-02,Organic,1.765832486,374608.02,110536.38,60056.41,20.18,203995.05,,,,2021Q2,2021-05,-0.13866254355598973,0.0016633358002740017,-83.36413100298076
California,Weekly,2021-05-09,Organic,1.822613613,396560.95,107946.47,72340.49,8.86,216265.14,,,,2021Q2,2021-05,0.05860240258604188,0.032155443650615734,1.8224722141229024
California,Weekly,2021-05-16,Organic,1.783747341,391412.38,115580.38,44872.49,2.91,230956.6,,,,2021Q2,2021-05,-0.012983048381339679,-0.021324471474799545,0.6088333019968423
California,Weekly,2021-05-23,Organic,1.691069774,413727.63,106851.4,42843.29,11.38,264021.57,,,,2021Q2,2021-05,0.05701212107803033,-0.05195666721949721,-1.0973013499340853
California,Weekly,2021-05-30,Organic,1.700079135,405544.55,108628.18,53744.14,6.46,243165.78,,,,2021Q2,2021-05,-0.01977890623355283,0.005327610450212017,-3.7125286126664365
California,Weekly,2021-06-06,Organic,1.831134288,380404.97,106243.15,53597.14,15.57,220549.11,,,,2021Q2,2021-06,-0.06198968769275781,0.0770876780391756,-0.8041452183999489
California,Weekly,2021-06-13,Organic,1.786446324,399563.52,124512.07,51779.37,20.22,223251.87,,,,2021Q2,2021-06,0.05036356386195484,-0.024404525813783606,-2.063697702887128
California,Weekly,2021-06-20,Organic,1.807882782,409154.26,126694.88,57524.43,2.96,224931.99,,,,2021Q2,2021-06,0.024003042119560947,0.01199949738876116,2.0003372926304746
California,Weekly,2021-06-27,Organic,1.861839571,369022.44,101600.03,56455.71,7.92,210958.78,,,,2021Q2,2021-06,-0.09808481524792145,0.029845291706528387,-3.286441835194604
California,Weekly,2021-07-04,Organic,1.761257184,401192.11,116303.33,55987.91,10.22,228890.66,,,,2021Q3,2021-07,0.08717537610991899,-0.05402312238211637,-1.6136678567615934
California,Weekly,2021-07-11,Organic,1.811604719,372575.91,92340.3,47628.47,17.17,232589.98,,,,2021Q3,2021-07,-0.07132792317376335,0.028586134641424454,-2.4951930041776738
California,Weekly,2021-07-18,Organic,1.839343222,380414.75,82798.96,69200.11,25.15,228390.53,,,,2021Q3,2021-07,0.021039578216423216,0.015311564774081354,1.3740971956072023
California,Weekly,2021-07-25,Organic,1.682411338,505317.42,87383.71,188295.4,546.14,229092.18,,,,2021Q3,2021-07,0.3283328787855886,-0.08531952173089319,-3.8482737845294688
California,Weekly,2021-08-01,Organic,1.792363787,389544.4,77481.82,110752.52,246.23,201063.82,,,,2021Q3,2021-08,-0.22910949715527318,0.06535408227259576,-3.5056646683468657
California,Weekly,2021-08-08,Organic,1.853972753,381270.55,89426.45,68867.06,23.88,222953.16,,,,2021Q3,2021-08,-0.02123981245783546,0.03437302541306031,-0.6179209482609355
California,Weekly,2021-08-15,Organic,1.869067757,382738.97,92688.98,64389.31,0.0,225660.67,,,,2021Q3,2021-08,0.003851385846612043,0.008141977262380973,0.47302832254358024
California,Weekly,2021-08-22,Organic,1.79793392,384244.1,107602.34,58253.69,7.83,218380.24,,,,2021Q3,2021-08,0.003932523515961739,-0.038058458145024954,-0.10332850324562617
California,Weekly,2021-08-29,Organic,1.898773311,366487.12,92778.06,67565.0,12.51,206131.56,,,,2021Q3,2021-08,-0.046212759024796934,0.05608626094556368,-0.8239586352466999
California,Weekly,2021-09-05,Organic,1.889616804,389737.15,106799.96,64829.37,10.25,218097.57,,,,2021Q3,2021-09,0.06344023768147711,-0.004822327629609213,-13.155522095170898
California,Weekly,2021-09-12,Organic,1.844788415,416037.77,114898.11,59310.45,0.0,241829.2,,,,2021Q3,2021-09,0.06748296897024053,-0.02372353426636864,-2.844557990919038
California,Weekly,2021-09-19,Organic,1.866712043,369086.23,106170.55,55660.3,20.71,207234.67,,,,2021Q3,2021-09,-0.11285403245960102,0.011884088073048638,-9.49622989714603
California,Weekly,2021-09-26,Organic,1.808688899,348044.65,109329.45,47355.45,5.46,191354.29,,,,2021Q3,2021-09,-0.05700992963080731,-0.031083071552241437,1.8341150595426357
California,Weekly,2021-10-03,Organic,1.912205415,339255.93,107947.88,49214.62,0.0,182093.42,,,,2021Q4,2021-10,-0.025251702619189853,0.05723290282659055,-0.4412095380816129
California,Weekly,2021-10-10,Organic,1.898250855,347339.36,85362.08,65177.8,5.8,196793.68,,,,2021Q4,2021-10,0.02382693796980928,-0.007297626024137305,-3.2650258989704812
California,Weekly,2021-10-17,Organic,1.892875046,353005.15,96354.15,66186.06,24.81,190440.13,,,,2021Q4,2021-10,0.016311972245241835,-0.002831980286398972,-5.759917300124804
California,Weekly,2021-10-24,Organic,1.921658284,319907.1,93427.71,55346.77,127.67,171004.95,,,,2021Q4,2021-10,-0.09376081340456377,0.015206095120132046,-6.166002031674097
California,Weekly,2021-10-31,Organic,1.95480958,340903.99,99820.86,57917.29,7.38,183158.46,,,,2021Q4,2021-10,0.06563433571808819,0.0172514001453965,3.8045802175426653
California,Weekly,2021-11-07,Organic,1.879919139,371976.09,119755.82,59988.13,2.95,192229.19,,,,2021Q4,2021-11,0.09114619045673256,-0.03831086248308646,-2.379121339201693
California,Weekly,2021-11-14,Organic,1.862858394,378437.04,99760.6,63917.58,8.03,214750.83,,,,2021Q4,2021-11,0.01736926155656926,-0.009075254699026702,-1.9139144996593944
California,Weekly,2021-11-21,Organic,1.881419468,349968.79,136297.45,32186.27,22.02,181463.04,,,,2021Q4,2021-11,-0.07522585527040382,0.009963760025873514,-7.549946513671563
California,Weekly,2021-11-28,Organic,1.915653173,301224.68,124471.84,21723.97,2.95,155025.92,,,,2021Q4,2021-11,-0.1392813056272818,0.01819567915728615,-7.654636269595301
California,Weekly,2021-12-05,Organic,1.764539292,406455.69,123286.82,103297.09,5.66,179866.12,,,,2021Q4,2021-12,0.34934391830045275,-0.0788837369571177,-4.428592404165145
California,Weekly,2021-12-12,Organic,1.811722177,376813.63,132098.87,74064.24,0.0,170650.52,,,,2021Q4,2021-12,-0.07292814623901567,0.026739492406837373,-2.7273571663001244
California,Weekly,2021-12-19,Organic,1.876898893,341000.36,128053.21,38412.75,23.12,174511.28,,,,2021Q4,2021-12,-0.09504239536133552,0.035975005896282,-2.6419007584139997
California,Weekly,2021-12-26,Organic,1.838540709,361491.2,137132.31,28904.24,2.89,195451.77,,,,2021Q4,2021-12,0.06009037644417736,-0.02043700070529042,-2.9402737373602026
California,Weekly,2022-01-02,Organic,1.822752047,360499.22,135985.33,31554.4,0.0,192959.49,,,,2022Q1,2022-01,-0.0027441331905175836,-0.00858760533433478,0.31954579695762786
California,Weekly,2022-01-10,Organic,1.868719456,317418.71,114957.33,30232.44,14.54,172214.4,,,,2022Q1,2022-01,-0.11950236674575876,0.025218684612455133,-4.738643929379977
California,Weekly,2022-01-16,Organic,1.779792839,408763.92,150206.95,28584.43,2.91,229969.63,,,,2022Q1,2022-01,0.28777512831552987,-0.04758692735524239,-6.047356791230759
California,Weekly,2022-01-23,Organic,1.787741023,405762.3,151701.18,28413.21,5.83,225642.07,,,,2022Q1,2022-01,-0.007343162772291634,0.004465791650485329,-1.6443137851031633
California,Weekly,2022-01-30,Organic,1.758380249,398879.37,140691.68,28431.0,0.0,229756.7,,,,2022Q1,2022-01,-0.0169629608270655,-0.01642339333396836,1.0328535937808392
California,Weekly,2022-02-06,Organic,1.813340431,393298.54,138479.71,34584.96,2.87,220231.0,,,,2022Q1,2022-02,-0.013991272599533033,0.031256141571913254,-0.44763274978590384
California,Weekly,2022-02-13,Organic,1.854070579,376614.53,129146.14,31118.35,2.89,216347.15,,,,2022Q1,2022-02,-0.04242072701312327,0.022461390759118904,-1.8886064299425114
California,Weekly,2022-02-20,Organic,1.830606296,352854.53,116206.62,28214.36,1.16,208432.39,,,,2022Q1,2022-02,-0.06308837845422477,-0.012655550045271524,4.98503646451909
California,Weekly,2022-02-27,Organic,1.798339991,389489.46,143507.37,29555.5,0.0,216426.59,,,,2022Q1,2022-02,0.10382445706450194,-0.01762602099124433,-5.890408114008058
California,Weekly,2022-03-06,Organic,1.818289382,387141.46,141098.83,31096.17,0.0,214946.45,,,,2022Q1,2022-03,-0.006028404465681869,0.011093225474514856,-0.5434311670245314
California,Weekly,2022-03-13,Organic,1.899878858,356444.89,140694.88,26281.9,1.44,189466.67,,,,2022Q1,2022-03,-0.07929031935768394,0.04487155719418934,-1.7670507625697391
California,Weekly,2022-03-20,Organic,1.936449456,349053.3,144169.32,24417.91,0.0,180466.06,,,,2022Q1,2022-03,-0.020736978442866816,0.019248910448163015,-1.077306609052556
California,Weekly,2022-03-27,Organic,1.893964304,353296.32,129303.42,27151.11,0.0,196841.79,,,,2022Q1,2022-03,0.012155793971866169,-0.0219397164580577,-0.5540542875795355
California,Weekly,2022-04-03,Organic,1.955943795,371437.23,133991.09,31067.51,0.0,206378.63,,,,2022Q2,2022-04,0.051347577014105195,0.0327247408354534,1.5690751310236855
California,Weekly,2022-04-10,Organic,2.015480025,347204.87,133648.53,33092.11,0.0,180464.23,,,,2022Q2,2022-04,-0.06523944839885865,0.030438620042249287,-2.143311632009114
California,Weekly,2022-04-17,Organic,2.03807686,340477.33,140722.06,28853.81,0.0,170901.46,,,,2022Q2,2022-04,-0.019376283518143023,0.01121163927188995,-1.7282293024467559
California,Weekly,2022-04-24,Organic,2.032645627,313555.54,128210.65,24057.48,0.0,161287.42,,,,2022Q2,2022-04,-0.07907072697028028,-0.0026648813430911744,29.67138749921257
California,Weekly,2022-05-01,Organic,2.072369425,343170.44,144183.22,24031.22,0.0,174956.0,,,,2022Q2,2022-05,0.09444865812289605,0.019542903825606306,4.832887628456915
California,Weekly,2022-05-08,Organic,2.054714481,345384.91,140763.04,22112.53,0.0,182509.34,,,,2022Q2,2022-05,0.006452974213047025,-0.008519206945933555,-0.7574618452163792
California,Weekly,2022-05-15,Organic,2.03750651,349425.49,127665.52,23061.2,2.94,198695.83,,,,2022Q2,2022-05,0.011698773985233002,-0.008374872109542464,-1.3968898667602614
California,Weekly,2022-05-22,Organic,2.057410722,372724.07,130659.27,24820.81,2.94,217241.05,,,,2022Q2,2022-05,0.06667681856867391,0.009768907192350573,6.825412224295099
California,Weekly,2022-05-29,Organic,2.119053755,365594.25,142154.77,26170.54,0.0,197268.93,,,,2022Q2,2022-05,-0.019128949734853462,0.029961461919512544,-0.6384518147425792
California,Weekly,2022-06-05,Organic,2.052189541,371214.64,128507.92,21884.08,0.0,220822.64,,,,2022Q2,2022-06,0.015373299771536342,-0.03155380737380098,-0.4872090264549419
California,Weekly,2022-06-12,Organic,2.01318283,377445.1,131261.7,23604.96,4.35,222574.1,,,,2022Q2,2022-06,0.016783982442071688,-0.019007362731706,-0.8830253138734753
California,Weekly,2022-06-19,Organic,2.066137108,339880.4,130079.28,23967.37,3.49,185830.27,,,,2022Q2,2022-06,-0.09952361283799938,0.02630376000176793,-3.783626859099619
California,Weekly,2022-06-26,Organic,2.005474285,357823.79,116142.02,24545.49,1.46,217134.82,,,,2022Q2,2022-06,0.052793247271687216,-0.029360502149211598,-1.79810437176412
California,Weekly,2022-07-03,Organic,2.074314615,354033.62,126971.25,21132.75,4.4,205925.21,,,,2022Q3,2022-07,-0.010592280630642215,0.034326209273732866,-0.308577056853978
California,Weekly,2022-07-10,Organic,2.12473792,334944.26,123816.48,18968.1,0.0,192159.67,,,,2022Q3,2022-07,-0.05391962492149749,0.024308417168434016,-2.21814627204586
California,Weekly,2022-07-17,Organic,2.16344007,328049.44,120674.5,19235.44,2260.37,185879.14,,,,2022Q3,2022-07,-0.020584977333243493,0.018215022961514338,-1.1301098756085304
California,Weekly,2022-07-24,Organic,2.187759667,325218.45,125092.39,19908.4,3799.34,176418.33,,,,2022Q3,2022-07,-0.008629766293763552,0.011241169717264077,-0.7676929101524055
California,Weekly,2022-07-31,Organic,2.119558867,314466.19,111066.52,19471.06,1955.79,181972.82,,,,2022Q3,2022-07,-0.03306165440490849,-0.031173808087211596,1.0605587329085837
California,Weekly,2022-08-07,Organic,2.169687639,316083.78,121215.45,20914.63,1892.85,172060.86,,,,2022Q3,2022-08,0.005143923421465413,0.02365056841801816,0.21749681997268702
California,Weekly,2022-08-14,Organic,2.098752838,285026.92,89380.09,19970.13,4683.07,170993.63,,,,2022Q3,2022-08,-0.09825515247887773,-0.0326935544660677,3.0053371095166703
California,Weekly,2022-08-21,Organic,2.042221012,300545.11,97529.48,19517.53,3485.94,180012.16,,,,2022Q3,2022-08,0.054444646842480626,-0.026935914023049734,-2.0212659869604197
California,Weekly,2022-08-28,Organic,1.930974532,312830.82,90783.57,19907.09,2338.82,199801.34,,,,2022Q3,2022-08,0.04087808981487018,-0.054473281464797796,-0.7504245882687787
California,Weekly,2022-09-04,Organic,2.090219476,287587.61,110729.68,17603.97,3414.9,155839.07,,,,2022Q3,2022-09,-0.08069284861382908,0.08246869203140794,-0.9784664534645156
California,Weekly,2022-09-11,Organic,2.012066572,402071.31,103694.57,115678.49,2893.28,179804.97,,,,2022Q3,2022-09,0.3980828659482236,-0.03738980757636001,-10.646828420692769
California,Weekly,2022-09-18,Organic,1.991279068,350913.2,102790.43,58547.23,3103.52,186472.02,,,,2022Q3,2022-09,-0.12723640987963047,-0.010331419590822621,12.315481794259359
California,Weekly,2022-09-25,Organic,1.958508306,321270.49,110788.95,23945.3,3037.11,183499.13,,,,2022Q3,2022-09,-0.08447305487510881,-0.016457141807308062,5.132911647975056
California,Weekly,2022-10-02,Organic,1.907499303,295168.42,96170.95,18113.9,3311.83,177571.74,,,,2022Q4,2022-10,-0.0812463977005794,-0.02604482342185166,3.1194835297832544
California,Weekly,2022-10-09,Organic,1.89653872,307456.71,100470.54,17980.68,3329.73,185675.76,,,,2022Q4,2022-10,0.04163145230780452,-0.005746048233287393,-7.245231960746454
California,Weekly,2022-10-16,Organic,1.852739413,321685.57,111418.88,17126.32,3156.01,189984.37,,,,2022Q4,2022-10,0.04627923065982187,-0.023094338406125403,-2.0039210409918926
California,Weekly,2022-10-23,Organic,1.838637387,315346.3,116661.99,13475.42,4024.08,181184.8,,,,2022Q4,2022-10,-0.01970641704568854,-0.007611446003172984,2.5890503640797724
California,Weekly,2022-10-30,Organic,1.81673398,292733.84,105930.04,12537.75,3718.34,170547.71,,,,2022Q4,2022-10,-0.07170675539874727,-0.0119128476092496,6.019279164040624
California,Weekly,2022-11-06,Organic,1.80235418,324573.72,127619.93,13745.27,3274.37,179934.15,,,,2022Q4,2022-11,0.10876733622597223,-0.007915192955217365,-13.741589982879361
California,Weekly,2022-11-13,Organic,1.900140456,283008.5,112342.84,13359.76,4090.82,153215.08,,,,2022Q4,2022-11,-0.12806095330207257,0.05425475030662397,-2.3603638866334915
California,Weekly,2022-11-20,Organic,1.750364775,304870.58,96461.83,12670.56,3996.68,191741.51,,,,2022Q4,2022-11,0.07724884588272096,-0.07882347882603047,-0.980023300585542
California,Weekly,2022-11-27,Organic,1.749348418,303439.81,106783.21,10428.17,3412.84,182815.6,,,,2022Q4,2022-11,-0.004693040568230722,-0.0005806543953101873,8.082330222823312
California,Weekly,2022-12-04,Organic,1.665929789,342849.32,120872.76,11732.97,2676.57,207567.02,,,,2022Q4,2022-12,0.1298758722528861,-0.047685542880800846,-2.7235900947491727
California,Weekly,2022-12-11,Organic,1.659403383,325984.14,106583.35,11105.62,4444.74,203850.43,,,,2022Q4,2022-12,-0.04919123071324738,-0.003917575664408757,12.556548980061972
California,Weekly,2022-12-18,Organic,1.717349789,299684.34,97879.69,10380.17,3967.53,187456.94,,,,2022Q4,2022-12,-0.08067815814597601,0.03492002402408034,-2.3103694914511377
California,Weekly,2022-12-25,Organic,1.749568401,323107.19,117502.3,12331.88,4623.85,188649.17,,,,2022Q4,2022-12,0.07815840494034476,0.018760657966342853,4.166080159905007
California,Weekly,2023-01-01,Organic,1.829386701,333401.22,124019.26,12563.31,4821.85,191996.81,,,,2023Q1,2023-01,0.03185948910638592,0.04562170873363858,0.6983405486277794
California,Weekly,2023-01-09,Organic,1.350250892,534780.29,299265.55,12742.84,4164.19,218607.71,,,,2023Q1,2023-01,0.6040141964687473,-0.26191062214352456,-2.3061844209501103
California,Weekly,2023-01-15,Organic,1.215188979,580356.09,356436.92,12380.97,4157.88,207380.31,,,,2023Q1,2023-01,0.08522341015971246,-0.10002727182053228,-0.852001745210239
California,Weekly,2023-01-22,Organic,1.545975213,403966.99,145421.31,13392.86,4337.54,240815.27,,,,2023Q1,2023-01,-0.30393253907269235,0.2722097054173498,-1.1165382167645543
California,Weekly,2023-01-29,Organic,1.632090918,388728.85,129339.31,14033.27,4571.48,240784.79,,,,2023Q1,2023-01,-0.03772125044177499,0.05570316022912847,-0.6771833103653907
California,Weekly,2023-02-05,Organic,1.656227984,350739.61,116963.49,13158.23,4822.21,215795.69,,,,2023Q1,2023-02,-0.09772683452746045,0.014789044981377675,-6.608055804179229
California,Weekly,2023-02-12,Organic,1.55821246,389779.09,119916.31,14380.75,4992.16,250489.87,,,,2023Q1,2023-02,0.11130616242630831,-0.05917997096225858,-1.8808079932532018
California,Weekly,2023-02-19,Organic,1.642939883,350255.11,115623.04,14761.51,4477.3,215393.25,,,,2023Q1,2023-02,-0.10140097561416139,0.054374756443675176,-1.8648538815838
California,Weekly,2023-02-26,Organic,1.564070534,376794.29,114214.07,15384.35,5152.17,242043.7,,,,2023Q1,2023-02,0.07577100017184613,-0.04800501212252806,-1.5783976885256923
California,Weekly,2023-03-05,Organic,1.619015472,361373.0,118551.7,13636.11,4798.37,224386.81,,,,2023Q1,2023-03,-0.040927610659917346,0.03512945024255543,-1.1650512711507819
California,Weekly,2023-03-12,Organic,1.497745415,385325.46,111587.62,13593.58,4426.2,255718.05,,,,2023Q1,2023-03,0.06628181961574331,-0.07490358127967289,-0.8848952010486937
California,Weekly,2023-03-19,Organic,1.502251504,401301.84,112613.18,13465.05,5121.76,270101.85,,,,2023Q1,2023-03,0.04146204094585393,0.003008581401666266,13.781259474279368
California,Weekly,2023-03-26,Organic,1.472636612,415012.26,116731.61,15457.9,4453.31,278369.44,,,,2023Q1,2023-03,0.03416485705622474,-0.019713671060501703,-1.7330540289209462
California,Weekly,2023-04-02,Organic,1.497995208,423358.53,118856.71,12271.17,3944.39,288286.26,,,,2023Q2,2023-04,0.020110899856307984,0.017219859803404125,1.1678898716894512
California,Weekly,2023-04-09,Organic,1.464550979,450421.9,124271.11,12522.88,5090.56,308537.35,,,,2023Q2,2023-04,0.0639254156518354,-0.0223259919800759,-2.8632732515931902
California,Weekly,2023-04-16,Organic,1.519937525,404442.31,111575.88,14081.73,5085.31,273699.39,,,,2023Q2,2023-04,-0.10208115990807731,0.03781810725210688,-2.6992667620188815
California,Weekly,2023-04-23,Organic,1.497394112,416431.95,122600.22,15320.51,5569.43,272941.78,,,,2023Q2,2023-04,0.029644870735705098,-0.014831802379508985,-1.9987369017713752
California,Weekly,2023-04-30,Organic,1.585877775,407784.81,127656.26,15653.59,4845.3,259629.67,,,,2023Q2,2023-04,-0.02076483324586409,0.059091766349886665,-0.35139977239661435
California,Weekly,2023-05-07,Organic,1.56079946,378795.45,114353.18,15160.94,6558.12,242723.23,,,,2023Q2,2023-05,-0.07108984760859527,-0.01581352320799123,4.495509740212138
California,Weekly,2023-05-14,Organic,1.566304926,375543.59,120221.47,13678.76,5128.23,236515.13,,,,2023Q2,2023-05,-0.008584738808240622,0.0035273372019233307,-2.433773216680183
California,Weekly,2023-05-21,Organic,1.635338267,356300.81,120502.11,14145.96,5522.67,216130.08,,,,2023Q2,2023-05,-0.05123980414630436,0.04407401129503952,-1.1625854475394968
California,Weekly,2023-05-28,Organic,1.62916414,373147.48,129216.28,12969.69,5903.85,225057.66,,,,2023Q2,2023-05,0.04728215464904495,-0.003775443359083308,-12.523603230674672
California,Weekly,2023-06-04,Organic,1.637191182,366979.38,121472.43,11513.51,4093.77,229899.66,,,,2023Q2,2023-06,-0.016529925379638044,0.004927092244983999,-3.354904791252132
California,Weekly,2023-06-11,Organic,1.663258984,354466.8,119649.84,12690.98,4197.63,217928.35,,,,2023Q2,2023-06,-0.03409613913457488,0.015922271196303184,-2.1414117819128267
California,Weekly,2023-06-18,Organic,1.670418917,351567.37,127621.71,12283.03,5622.63,206039.99,,,,2023Q2,2023-06,-0.008179694120859837,0.004304761356394904,-1.9001504249959311
California,Weekly,2023-06-25,Organic,1.651905474,319188.04,108011.82,12347.81,5711.54,193116.88,,,,2023Q2,2023-06,-0.09209992952417634,-0.011083113829463254,8.309932654425932
California,Weekly,2023-07-02,Organic,1.684307406,369666.13,142828.55,13423.12,3444.39,209970.08,,,,2023Q3,2023-07,0.15814530519376602,0.019614882637043696,8.0625160048167
California,Weekly,2023-07-09,Organic,1.647608177,408291.56,150498.18,16127.68,2299.15,239366.55,,,,2023Q3,2023-07,0.10448733834500867,-0.021788913870037452,-4.795435833480996
California,Weekly,2023-07-16,Organic,1.603716464,404201.07,147937.42,15573.8,370.94,240318.91,,,,2023Q3,2023-07,-0.010018551448871427,-0.02663965475087593,0.3760766249623415
California,Weekly,2023-07-23,Organic,1.626008265,391770.81,151789.78,16372.58,3.92,223604.54,,,,2023Q3,2023-07,-0.030752664756676706,0.013900088638112429,-2.2124078167643098
California,Weekly,2023-07-30,Organic,1.627410506,411024.98,156133.85,15748.21,4.4,239138.52,,,,2023Q3,2023-07,0.04914651502494527,0.00086238245535597,56.98923339605606
California,Weekly,2023-08-06,Organic,1.624641119,390932.38,142307.31,16367.73,0.0,232257.35,,,,2023Q3,2023-08,-0.04888413351422094,-0.0017017138514158203,28.726412183546312
California,Weekly,2023-08-13,Organic,1.657479991,375567.52,162498.47,16934.43,2.93,196131.69,,,,2023Q3,2023-08,-0.03930311426236932,0.020213000653469093,-1.9444472859908533
California,Weekly,2023-08-20,Organic,1.645495994,383363.36,146319.58,15531.83,1.22,221510.72,,,,2023Q3,2023-08,0.020757492554201562,-0.007230251384675701,-2.8709226622737405
California,Weekly,2023-08-27,Organic,1.620077393,358684.72,144587.17,15183.56,0.0,198913.99,,,,2023Q3,2023-08,-0.06437401842471335,-0.015447379448314758,4.167309972549181
California,Weekly,2023-09-03,Organic,1.698259888,364209.18,151487.56,14546.13,4.39,198171.1,,,,2023Q3,2023-09,0.01540199426393185,0.048258493907642475,0.3191561322532842
California,Weekly,2023-09-10,Organic,1.689551531,350852.41,141193.49,17805.87,0.0,191853.06,,,,2023Q3,2023-09,-0.03667334799194244,-0.00512781174514787,7.151851474782426
California,Weekly,2023-09-17,Organic,1.72542464,335227.61,142308.68,17806.41,0.0,175112.52,,,,2023Q3,2023-09,-0.04453382549089513,0.021232326059192452,-2.097453918461015
California,Weekly,2023-09-24,Organic,1.795437911,289754.59,132023.11,14011.36,0.0,143720.12,,,,2023Q3,2023-09,-0.13564819437157927,0.04057741461255593,-3.3429481810703003
California,Weekly,2023-10-01,Organic,1.72752143,308829.38,143341.24,13782.07,2.44,151703.64,,,,2023Q4,2023-10,0.0658308467175619,-0.03782725127051201,-1.7403021500766542
California,Weekly,2023-10-08,Organic,1.599073989,332501.6,143324.57,13402.89,209.01,175565.13,,,,2023Q4,2023-10,0.07665145071365931,-0.07435360208527186,-1.030904335014626
California,Weekly,2023-10-15,Organic,1.700177541,316222.81,134113.8,13441.43,1085.56,167582.03,,,,2023Q4,2023-10,-0.04895853132736794,0.0632263126631345,-0.7743379182685486
California,Weekly,2023-10-22,Organic,1.721585173,303105.11,129863.27,12403.51,1962.43,158875.89,,,,2023Q4,2023-10,-0.04148245978840048,0.012591409710899226,-3.294504804532961
California,Weekly,2023-10-29,Organic,1.668776691,305318.02,127771.89,11857.3,3327.42,162361.42,,,,2023Q4,2023-10,0.0073008007024362165,-0.030674335971410005,-0.23801006513200232
California,Weekly,2023-11-05,Organic,1.744424527,299749.38,127889.3,11432.53,3906.08,156521.48,,,,2023Q4,2023-11,-0.018238818658656397,0.04533131149780667,-0.4023448264791296
California,Weekly,2023-11-12,Organic,1.747314641,302266.76,126657.64,10867.52,3983.97,160757.63,,,,2023Q4,2023-11,0.008398282591943973,0.0016567721648412803,5.069063067430598
California,Weekly,2023-11-19,Organic,1.759507443,282821.43,121627.75,8566.06,4198.91,148428.71,,,,2023Q4,2023-11,-0.06433168503212205,0.006978023141282597,-9.21918482206374
California,Weekly,2023-11-26,Organic,1.759003773,278330.93,116162.34,7823.03,3256.93,151088.63,,,,2023Q4,2023-11,-0.01587750970638968,-0.00028625624859024423,55.466072040639446
California,Weekly,2023-12-03,Organic,1.691994558,303485.05,115052.43,9023.48,4098.31,175310.83,,,,2023Q4,2023-12,0.09037486419493512,-0.0380949808229889,-2.3723562065792474
California,Weekly,2023-12-10,Organic,1.683837,302936.79,122960.28,9185.66,4213.69,166577.16,,,,2023Q4,2023-12,-0.0018065469781790577,-0.004821267279749741,0.3747037601020184
California,Weekly,2023-12-17,Organic,1.681557876,307522.44,127621.69,9134.63,5311.14,165454.98,,,,2023Q4,2023-12,0.015137316269839829,-0.0013535300625892033,-11.183583348627852
California,Weekly,2023-12-24,Organic,1.691525663,317315.18,126862.58,9509.87,5479.38,175463.35,,,,2023Q4,2023-12,0.031843985108858996,0.005927709740036313,5.372055398357599
California,Weekly,2023-12-31,Organic,1.71237932,300431.9,123890.11,11274.4,5113.1,160154.29,,,,2023Q4,2023-12,-0.053206657179149075,0.012328312514641393,-4.315810222685352
California,Weekly,2024-01-08,Organic,1.712313946,334377.02,130563.6,12902.15,5331.56,185579.71,,,,2024Q1,2024-01,0.11298773532371231,-3.81772888964349e-05,-2959.5536663228963
California,Weekly,2024-01-14,Organic,1.695384936,330797.9,127159.42,12404.23,5498.86,185735.4,,,,2024Q1,2024-01,-0.010703845617141994,-0.009886627414059546,1.0826589461559257
California,Weekly,2024-01-21,Organic,1.63847813,364297.62,149326.27,14561.78,5448.97,194960.59,,,,2024Q1,2024-01,0.10126944578547792,-0.03356571406978692,-3.0170502428438515
California,Weekly,2024-01-28,Organic,1.632860148,338297.47,131723.0,14120.14,5202.4,187251.93,,,,2024Q1,2024-01,-0.07137062822425255,-0.0034287805843340458,20.815163428754218
California,Weekly,2024-02-04,Organic,1.683896708,342198.5,127101.14,12771.88,7667.08,194658.4,,,,2024Q1,2024-02,0.011531360255221612,0.03125592847771563,0.36893353731094763
California,Weekly,2024-02-11,Organic,1.671750576,344110.86,137859.01,12350.7,5577.1,188324.05,,,,2024Q1,2024-02,0.0055884523164186906,-0.007213109891061054,-0.7747632298440729
California,Weekly,2024-02-18,Organic,1.716802859,311202.32,130117.47,15583.55,3282.71,162218.58,,,,2024Q1,2024-02,-0.09563354088853804,0.026949165531497288,-3.548664272248606
California,Weekly,2024-02-25,Organic,1.668376123,325758.32,137183.02,14530.94,148.86,173895.5,,,,2024Q1,2024-02,0.046773430223784995,-0.028207511273721564,-1.6581906063921226
California,Weekly,2024-03-03,Organic,1.657309,315916.75,125173.29,13428.79,6.54,177308.14,,,,2024Q1,2024-03,-0.03021126214059555,-0.006633470023593824,4.554367779328255
California,Weekly,2024-03-10,Organic,1.683006,315837.76,127614.28,12396.09,0.0,175827.4,,,,2024Q1,2024-03,-0.00025003422578884216,0.01550525580926676,-0.01612577237451371
California,Weekly,2024-03-17,Organic,1.592477,361911.88,132102.75,10499.24,0.0,219309.89,,,,2024Q1,2024-03,0.14587907411704037,-0.05379006373120476,-2.712007831892804
California,Weekly,2024-03-24,Organic,1.60973,369865.29,138171.01,9765.1,1.23,221927.96,,,,2024Q1,2024-03,0.0219760953964816,0.010834065421353234,2.028425576346267
California,Weekly,2024-03-31,Organic,1.68764,341426.94,129317.53,11661.32,4.1,200443.99,,,,2024Q1,2024-03,-0.07688839901684197,0.04839942102091643,-1.588622289171882
California,Weekly,2024-04-07,Organic,1.69098,342864.91,137983.34,13202.01,9.22,191670.34,,,,2024Q2,2024-04,0.004211647739337687,0.001979095067668357,2.128067422400067
California,Weekly,2024-04-14,Organic,1.67903,335750.86,123715.96,18546.8,0.0,193488.1,,,,2024Q2,2024-04,-0.020748842452264937,-0.007066907946871037,2.936056703759917
California,Weekly,2024-04-21,Organic,1.67954,335510.68,131535.29,13378.17,0.0,190597.21,,,,2024Q2,2024-04,-0.0007153518534546155,0.0003037468061917181,-2.355092593148458
California,Weekly,2024-04-28,Organic,1.79548,339832.23,139508.6,19440.07,4.43,180879.14,,,,2024Q2,2024-04,0.012880513967543417,0.06903080605403855,0.1865908092897006
California,Weekly,2024-05-05,Organic,1.74209,361189.74,145740.1,24530.33,0.0,190919.31,,,,2024Q2,2024-05,0.062847217287189,-0.029735780961080094,-2.1135216650084647
California,Weekly,2024-05-12,Organic,1.81752,341187.7,136071.17,19120.06,0.0,185996.48,,,,2024Q2,2024-05,-0.05537820647950842,0.043298566664179194,-1.278984750442621
California,Weekly,2024-05-19,Organic,1.80762,337724.64,144675.58,18166.66,0.0,174882.4,,,,2024Q2,2024-05,-0.01015001420039463,-0.005446982701703407,1.8634195767173023
California,Weekly,2024-05-26,Organic,1.806049724,354062.4,141648.29,20309.87,8.87,192095.37,,,,2024Q2,2024-05,0.04837597872633759,-0.0008686980670716826,-55.687908791381865
California,Weekly,2024-06-02,Organic,1.853575099,340395.3,142032.01,21699.78,0.0,176663.51,,,,2024Q2,2024-06,-0.03860082290579292,0.026314544039652388,-1.4669006936858493
California,Weekly,2024-06-09,Organic,1.800905558,380852.67,147453.12,29136.07,2.96,204260.53,,,,2024Q2,2024-06,0.11885407936008519,-0.028415110360737517,-4.182777326964438
California,Weekly,2024-06-16,Organic,1.773394875,382813.83,158543.73,20116.85,1.48,204151.77,,,,2024Q2,2024-06,0.005149392808510456,-0.015276027595001795,-0.337089781783014
California,Weekly,2024-06-23,Organic,1.807292268,364202.24,155001.49,20632.63,0.0,188568.12,,,,2024Q2,2024-06,-0.0486178621080644,0.019114407895195917,-2.5435191283264222
California,Weekly,2024-06-30,Organic,1.805355371,370773.84,154361.19,19545.47,0.0,196867.18,,,,2024Q2,2024-06,0.018043820927625465,-0.0010717121045084044,-16.836444089527372
California,Weekly,2024-07-07,Organic,1.800162689,395457.01,182811.0,24309.86,11.81,188324.34,,,,2024Q3,2024-07,0.06657203755259533,-0.0028762658496004345,-23.145300550657858
California,Weekly,2024-07-14,Organic,1.816831967,359202.79,135131.52,23346.15,5.9,200719.22,,,,2024Q3,2024-07,-0.09167676658456514,0.00925987306695042,-9.900434479147489
California,Weekly,2024-07-21,Organic,1.886312437,341044.62,137750.46,26233.73,0.0,177060.44,,,,2024Q3,2024-07,-0.050551305573099725,0.038242650537863465,-1.3218567453385495
California,Weekly,2024-07-28,Organic,1.863015808,343758.05,141124.22,26432.52,1.48,176199.82,,,,2024Q3,2024-07,0.007956231650861456,-0.012350355404034175,-0.6442107445962727
California,Weekly,2024-08-04,Organic,1.882409843,350824.43,130067.78,30865.84,0.0,189890.8,,,,2024Q3,2024-08,0.020556260427937678,0.010410021706052985,1.9746606691497182
California,Weekly,2024-08-11,Organic,1.916744659,329548.26,128029.94,32085.04,8.91,169424.38,,,,2024Q3,2024-08,-0.06064620414262478,0.01823981962678256,-3.324934422793004
California,Weekly,2024-08-18,Organic,1.904657447,310393.32,131397.44,27509.51,0.0,151486.37,,,,2024Q3,2024-08,-0.05812484034963494,-0.006306114872027924,9.217218767685265
California,Weekly,2024-08-25,Organic,1.896363629,336988.08,130387.78,23613.58,2.96,182983.76,,,,2024Q3,2024-08,0.0856808387500092,-0.00435449325182502,-19.676420146959543
California,Weekly,2024-09-01,Organic,1.90526352,334893.88,113690.93,27954.14,2.96,193245.84,,,,2024Q3,2024-09,-0.00621446313471985,0.004693135253122982,-1.3241602467315472
California,Weekly,2024-09-08,Organic,1.907841616,347759.65,132664.81,31588.64,4.44,183501.77,,,,2024Q3,2024-09,0.0384174533138677,0.00135314405222009,28.391251656345506
California,Weekly,2024-09-15,Organic,1.848663967,329293.01,133863.73,24894.7,11.83,170522.75,,,,2024Q3,2024-09,-0.05310173276284358,-0.0310181141367869,1.7119587776571472
California,Weekly,2024-09-22,Organic,1.925493941,314474.49,133912.77,21928.99,7.39,158625.34,,,,2024Q3,2024-09,-0.04500101596447492,0.04155972928096774,-1.0828033950905238
California,Weekly,2024-09-29,Organic,1.969993321,300978.75,126107.22,18796.79,121.46,155953.29,,,,2024Q3,2024-09,-0.042915213885870385,0.02311063101911892,-1.8569468678880972
California,Weekly,2024-10-06,Organic,1.967636123,304757.25,123869.65,23310.93,1228.16,156348.51,,,,2024Q4,2024-10,0.012554042436550672,-0.0011965512648558496,-10.49185505483802
California,Weekly,2024-10-13,Organic,1.992610548,284802.88,104990.48,18879.51,4.24,160928.65,,,,2024Q4,2024-10,-0.06547627661031852,0.012692603428078097,-5.158616747252528
California,Weekly,2024-10-20,Organic,2.007211151,313247.83,134534.8,14722.19,0.0,163990.84,,,,2024Q4,2024-10,0.09987592119854982,0.007327374139745713,13.630520196422765
California,Weekly,2024-10-27,Organic,1.992414851,324144.45,127380.69,15889.54,0.0,180874.23,,,,2024Q4,2024-10,0.03478593929924423,-0.007371571243328545,-4.718931439579637
California,Weekly,2024-11-03,Organic,2.015422212,301295.7,121152.98,24191.22,0.0,155951.5,,,,2024Q4,2024-11,-0.07048940680613225,0.011547475159830567,-6.104313352527404
California,Weekly,2024-11-10,Organic,2.015422212,301295.7,121152.98,24191.22,0.0,155951.5,,,,2024Q4,2024-11,0.0,0.0,0.0
California,Weekly,2024-11-17,Organic,2.015422212,301295.7,121152.98,24191.22,0.0,155951.5,,,,2024Q4,2024-11,0.0,0.0,0.0
California,Weekly,2024-11-24,Organic,2.015422212,301295.7,121152.98,24191.22,0.0,155951.5,,,,2024Q4,2024-11,0.0,0.0,0.0
California,Weekly,2024-12-01,Organic,2.015422212,301295.7,121152.98,24191.22,0.0,155951.5,,,,2024Q4,2024-12,0.0,0.0,0.0
California,Weekly,2024-12-08,Organic,2.015422212,301295.7,121152.98,24191.22,0.0,155951.5,,,,2024Q4,2024-12,0.0,0.0,0.0
California,Weekly,2024-12-15,Organic,2.015422212,301295.7,121152.98,24191.22,0.0,155951.5,,,,2024Q4,2024-12,0.0,0.0,0.0
California,Weekly,2024-12-22,Organic,2.015422212,301295.7,121152.98,24191.22,0.0,155951.5,,,,2024Q4,2024-12,0.0,0.0,0.0
California,Weekly,2024-12-29,Organic,2.015422212,301295.7,121152.98,24191.22,0.0,155951.5,,,,2024Q4,2024-12,0.0,0.0,0.0
California,Weekly,2021-01-11,Conventional,1.092302569,7305333.58,2845001.28,2152753.34,959794.53,1347784.44,,,,2021Q1,2021-01,,,
California,Weekly,2021-01-17,Conventional,1.189119993,6858262.75,2635527.58,1808634.6,1038461.26,1375639.3,,,,2021Q1,2021-01,-0.06119786661405269,0.08863608559360636,-0.6904396353268911
California,Weekly,2021-01-24,Conventional,1.151646075,6864019.0,2573096.83,1986436.74,953049.64,1351435.8,,,,2021Q1,2021-01,0.0008393160498261221,-0.03151399204504002,-0.026633123744734265
California,Weekly,2021-01-31,Conventional,1.164088195,6611341.17,2699357.72,1939590.71,573719.79,1398672.95,,,,2021Q1,2021-01,-0.03681193627232093,0.010803770594190576,-3.407323022215551
California,Weekly,2021-02-07,Conventional,0.916127221,9709444.22,3821377.85,2544885.37,1224588.31,2118592.69,,,,2021Q1,2021-02,0.46860432253263995,-0.2130087523136509,-2.1999298969773315
California,Weekly,2021-02-14,Conventional,1.12101468,6420943.59,2524524.79,1495988.79,1052019.64,1348410.37,,,,2021Q1,2021-02,-0.33869092354701236,0.22364520374839958,-1.514411746240885
California,Weekly,2021-02-21,Conventional,1.158824626,6435562.14,2684171.93,1849518.22,572601.65,1329270.35,,,,2021Q1,2021-02,0.0022766980888551114,0.03372832370045309,0.06750107444042727
California,Weekly,2021-02-28,Conventional,1.11951124,6676585.05,2726864.73,1761721.83,866726.68,1321271.82,,,,2021Q1,2021-02,0.03745172601192537,-0.03392522485106375,-1.103949234716746
California,Weekly,2021-03-07,Conventional,1.215542748,6481857.55,2673730.51,1637963.49,815621.38,1354542.16,,,,2021Q1,2021-03,-0.029165733461299914,0.08577985157165546,-0.34000680727381033
California,Weekly,2021-03-14,Conventional,1.169569521,6674991.82,2493094.57,2108912.03,718625.23,1354359.98,,,,2021Q1,2021-03,0.029796129968947094,-0.0378211519715308,-0.7878165633710894
California,Weekly,2021-03-21,Conventional,1.25714235,6153770.98,2300529.93,1573720.09,938541.78,1340979.18,,,,2021Q1,2021-03,-0.0780856147925586,0.07487612102367724,-1.042864049646301
California,Weekly,2021-03-28,Conventional,1.22097339,6543279.4,2407134.39,1841535.99,996865.22,1297743.8,,,,2021Q1,2021-03,0.06329589145678605,-0.028770775242756064,-2.2000064622076096
California,Weekly,2021-04-04,Conventional,1.404443471,6094500.69,2542471.66,1457251.89,743450.62,1351326.53,,,,2021Q2,2021-04,-0.06858620617667643,0.1502654214274073,-0.4564337259042008
California,Weekly,2021-04-11,Conventional,1.329628428,6186610.62,2703569.1,1660585.69,552573.7,1269882.12,,,,2021Q2,2021-04,0.015113613843892981,-0.0532702415902363,-0.2837158870077867
California,Weekly,2021-04-18,Conventional,1.376640963,6164642.52,2809652.05,1478962.2,567222.19,1308806.08,,,,2021Q2,2021-04,-0.003550910401404983,0.03535764880622727,-0.10042835203396185
California,Weekly,2021-04-25,Conventional,1.383859919,5936178.66,2635541.78,1470575.35,519249.28,1310812.26,,,,2021Q2,2021-04,-0.037060358205490807,0.005243891613008866,-7.067338713399938
California,Weekly,2021-05-02,Conventional,1.08553874,7679499.19,3311210.35,2172650.68,435625.67,1760012.49,,,,2021Q2,2021-05,0.29367723410130653,-0.2155718038394896,-1.362317468568258
California,Weekly,2021-05-09,Conventional,1.267400016,6603670.36,2988312.09,1677934.16,585075.21,1352348.9,,,,2021Q2,2021-05,-0.14009101419021053,0.1675308943833731,-0.8362100298326475
California,Weekly,2021-05-16,Conventional,1.284696948,6275797.37,2555723.23,1993947.55,518641.43,1207485.16,,,,2021Q2,2021-05,-0.0496501145765853,0.013647571233737388,-3.638018349656829
California,Weekly,2021-05-23,Conventional,1.248156754,6198147.11,2640129.46,1909467.2,449753.74,1198796.71,,,,2021Q2,2021-05,-0.01237297118150893,-0.02844265650111899,0.4350146119797971
California,Weekly,2021-05-30,Conventional,1.358234489,6207369.22,2758450.27,1683438.72,476042.96,1289437.26,,,,2021Q2,2021-05,0.0014878817550361134,0.08819223598897419,0.016870892753213886
California,Weekly,2021-06-06,Conventional,1.244168997,6565812.65,3107292.21,1736269.81,484823.87,1237426.76,,,,2021Q2,2021-06,0.05774482188768548,-0.08398070651554479,-0.6875962859040361
California,Weekly,2021-06-13,Conventional,1.299690464,6229615.76,2885904.01,1443704.2,566577.18,1333430.37,,,,2021Q2,2021-06,-0.05120415520841892,0.04462534200247381,-1.1474232557272146
California,Weekly,2021-06-20,Conventional,1.282152895,6785995.89,3030654.76,1921470.41,545396.53,1288474.19,,,,2021Q2,2021-06,0.08931211031866271,-0.013493650592792172,-6.618824883932452
California,Weekly,2021-06-27,Conventional,1.307561522,6132326.85,2896076.08,1361327.16,624876.79,1250046.83,,,,2021Q2,2021-06,-0.09632617682000988,0.01981715838967868,-4.86074617389036
California,Weekly,2021-07-04,Conventional,1.366395876,6554346.23,2963010.53,1669545.75,638810.95,1282979.0,,,,2021Q3,2021-07,0.06881880081131042,0.04499547670231907,1.5294604225798434
California,Weekly,2021-07-11,Conventional,1.169496304,6774433.42,2743762.99,2004297.56,665154.92,1361217.95,,,,2021Q3,2021-07,0.03357881660151474,-0.14410140974400887,-0.2330221242190922
California,Weekly,2021-07-18,Conventional,1.176059895,6840691.72,2568773.17,1298174.12,778353.5,2195390.93,,,,2021Q3,2021-07,0.009780640814091912,0.0056123229954219145,1.7427081124999717
California,Weekly,2021-07-25,Conventional,1.294538474,6013448.97,2453347.8,1511568.85,669467.82,1379064.51,,,,2021Q3,2021-07,-0.12092969305741497,0.10074196008528968,-1.2003905121067133
California,Weekly,2021-08-01,Conventional,1.256348265,6324688.88,2555933.85,1694140.79,683681.53,1390932.71,,,,2021Q3,2021-08,0.05175730459387262,-0.029501022771456165,-1.7544240752205587
California,Weekly,2021-08-08,Conventional,1.207195426,6428631.78,2609181.47,1720032.84,681561.7,1417855.76,,,,2021Q3,2021-08,0.016434468473016883,-0.03912357772866426,-0.420065582626305
California,Weekly,2021-08-15,Conventional,1.346470073,5946689.48,2507942.06,1424992.68,557484.27,1456270.48,,,,2021Q3,2021-08,-0.07496809842171426,0.11537042304863743,-0.6498034456379647
California,Weekly,2021-08-22,Conventional,1.264065986,6017466.74,2430922.83,1796430.99,508261.44,1281851.48,,,,2021Q3,2021-08,0.011901959945620044,-0.06120008803196031,-0.1944761899591472
California,Weekly,2021-08-29,Conventional,1.292112476,6038784.99,2583753.93,1558241.79,493891.04,1402898.23,,,,2021Q3,2021-08,0.00354272834751046,0.022187520517619408,0.15967211589492983
California,Weekly,2021-09-05,Conventional,1.20358416,7105547.49,2814307.88,1410665.45,494178.56,2386395.6,,,,2021Q3,2021-09,0.1766518433371147,-0.06851440384977758,-2.578316870777066
California,Weekly,2021-09-12,Conventional,1.388680344,5827455.38,2722193.68,1246908.45,493921.06,1364432.19,,,,2021Q3,2021-09,-0.17987243232118633,0.1537874875322387,-1.1696168212870985
California,Weekly,2021-09-19,Conventional,1.349471286,5855246.72,2869675.57,1169036.96,375640.84,1440893.35,,,,2021Q3,2021-09,0.0047690352285458815,-0.028234761274910092,-0.16890651853266175
California,Weekly,2021-09-26,Conventional,1.348997776,5861136.96,2652464.87,1278093.67,436904.43,1493673.99,,,,2021Q3,2021-09,0.0010059763971825841,-0.0003508855689723367,-2.8669642930282317
California,Weekly,2021-10-03,Conventional,1.376893138,5624508.05,2345232.38,1286600.97,501932.93,1490741.76,,,,2021Q4,2021-10,-0.040372526971285794,0.020678582645787813,-1.9523836649176534
California,Weekly,2021-10-10,Conventional,1.334757595,5946814.7,2515373.2,1290676.78,519999.12,1620765.6,,,,2021Q4,2021-10,0.057303971678020815,-0.030601897734201744,-1.8725626814305671
California,Weekly,2021-10-17,Conventional,1.208819578,6357242.45,2450447.23,1231029.16,499671.12,2176094.94,,,,2021Q4,2021-10,0.06901640133498699,-0.09435272552241969,-0.7314722595754545
California,Weekly,2021-10-24,Conventional,1.185783089,6002395.73,2328654.61,1836115.1,499806.11,1337819.91,,,,2021Q4,2021-10,-0.05581771071197694,-0.0190570118314215,2.9289854676977125
California,Weekly,2021-10-31,Conventional,1.335504473,5313149.12,2352753.61,1145245.84,468559.76,1346589.91,,,,2021Q4,2021-10,-0.11482858528556239,0.1262637200588379,-0.9094345171522997
California,Weekly,2021-11-07,Conventional,1.08310482,6608212.39,2894013.16,2001755.2,371840.7,1340603.33,,,,2021Q4,2021-11,0.24374683276346665,-0.18899199373928277,-1.2897204158802567
California,Weekly,2021-11-14,Conventional,1.297897921,5602942.88,2424839.69,1145912.42,477342.3,1554848.46,,,,2021Q4,2021-11,-0.1521242736570093,0.198312385868618,-0.7670941630332242
California,Weekly,2021-11-21,Conventional,1.379743038,5060912.19,2349663.56,963748.59,477700.51,1269799.52,,,,2021Q4,2021-11,-0.09674035620366694,0.06305974890301114,-1.534106270427086
California,Weekly,2021-11-28,Conventional,1.391855721,4823608.03,2469232.63,871983.59,364580.23,1117811.59,,,,2021Q4,2021-11,-0.046889602326809054,0.008778941198759549,-5.34114550550065
California,Weekly,2021-12-05,Conventional,1.117953647,6292689.55,3034070.62,1584659.2,454533.48,1219426.25,,,,2021Q4,2021-12,0.30456071697019693,-0.19678912826051453,-1.5476501149342539
California,Weekly,2021-12-12,Conventional,1.283981449,5470567.98,2864434.49,858876.62,440784.47,1306472.41,,,,2021Q4,2021-12,-0.13064708873171715,0.14851045250894934,-0.8797164544619799
California,Weekly,2021-12-19,Conventional,1.365836635,4992480.38,2524504.45,868952.55,357415.85,1241607.54,,,,2021Q4,2021-12,-0.087392680567695,0.06375106592369462,-1.3708426565337382
California,Weekly,2021-12-26,Conventional,1.366995,5152711.94,2630483.73,947458.65,375540.51,1199229.05,,,,2021Q4,2021-12,0.03209457980884456,0.0008480992311352686,37.842953549058926
California,Weekly,2022-01-02,Conventional,1.153293719,6791605.43,3524317.17,1341716.27,649875.51,1275696.49,,,,2022Q1,2022-01,0.31806425608181765,-0.15632923383040898,-2.034579510745022
California,Weekly,2022-01-10,Conventional,1.230991337,6613680.44,3197732.91,1396548.22,597854.59,1421544.72,,,,2022Q1,2022-01,-0.026197780750640498,0.0673701908889004,-0.38886309219225806
California,Weekly,2022-01-16,Conventional,1.396902693,6166153.61,3240210.45,1035974.89,477557.89,1412410.37,,,,2022Q1,2022-01,-0.0676668360468895,0.13477865441712678,-0.5020589969496746
California,Weekly,2022-01-23,Conventional,1.410250959,6156608.15,3053620.39,1235010.93,583571.28,1284405.54,,,,2022Q1,2022-01,-0.0015480412269521793,0.009555616197813643,-0.16200328632981054
California,Weekly,2022-01-30,Conventional,1.28976299,6848511.74,3319034.2,1455413.15,700556.9,1373507.49,,,,2022Q1,2022-01,0.11238389274457883,-0.08543725372499467,-1.3153968303606758
California,Weekly,2022-02-06,Conventional,1.411823843,6130927.51,3131848.28,1063556.19,527317.02,1408206.02,,,,2022Q1,2022-02,-0.104779586754421,0.09463820403157941,-1.1071595010346726
California,Weekly,2022-02-13,Conventional,1.200862816,8941382.17,4113206.41,1597668.36,866884.78,2363622.63,,,,2022Q1,2022-02,0.4584061148033376,-0.149424468247913,-3.067811585200271
California,Weekly,2022-02-20,Conventional,1.371340058,6405175.72,3269349.15,966827.97,768152.83,1400845.77,,,,2022Q1,2022-02,-0.28364814318187237,0.14196229555000217,-1.9980526666108003
California,Weekly,2022-02-27,Conventional,1.492446312,5976548.34,2727605.13,1400123.02,551259.0,1297561.19,,,,2022Q1,2022-02,-0.06691891038392928,0.0883123433122961,-0.7577526297460604
California,Weekly,2022-03-06,Conventional,1.490212481,5530889.45,2859046.87,815792.98,503668.8,1352380.8,,,,2022Q1,2022-03,-0.0745679386573822,-0.0014967580287739146,49.819634987002765
California,Weekly,2022-03-13,Conventional,1.474545005,6242190.58,3892934.1,616025.95,476352.11,1256878.42,,,,2022Q1,2022-03,0.12860519748772048,-0.010513585277105109,-12.232287473596411
California,Weekly,2022-03-20,Conventional,1.418124465,5692043.27,3364492.04,432211.82,540186.94,1355152.48,,,,2022Q1,2022-03,-0.08813369328432141,-0.038263016597448574,2.303365001550826
California,Weekly,2022-03-27,Conventional,1.505140917,6328611.51,4012404.07,504552.42,522950.01,1288705.0,,,,2022Q1,2022-03,0.11183475068698834,0.06136023610593311,1.82259322623719
California,Weekly,2022-04-03,Conventional,1.529840735,5624740.81,3258338.27,483576.04,547315.47,1335511.02,,,,2022Q2,2022-04,-0.11122039943324002,0.016410302664039422,-6.77747398754332
California,Weekly,2022-04-10,Conventional,1.52961,5908633.21,3540640.67,461774.93,510145.41,1396072.19,,,,2022Q2,2022-04,0.050472085663979316,-0.00015082288941670186,-334.64473369511063
California,Weekly,2022-04-17,Conventional,1.570800893,6018350.74,3631298.15,560825.24,454381.06,1371846.29,,,,2022Q2,2022-04,0.018569020296320016,0.026929016546701545,0.6895543423992764
California,Weekly,2022-04-24,Conventional,1.504127906,5700946.88,3357502.53,552658.81,422167.8,1368617.74,,,,2022Q2,2022-04,-0.052739342340157536,-0.04244521842145399,1.242527292862283
California,Weekly,2022-05-01,Conventional,1.423706224,7258891.79,3714581.72,688029.14,560003.66,2296277.26,,,,2022Q2,2022-05,0.2732782716263442,-0.05346731596375276,-5.111127549615703
California,Weekly,2022-05-08,Conventional,1.514869645,6201785.14,3535312.48,514690.49,651031.97,1500750.19,,,,2022Q2,2022-05,-0.14562920630064946,0.06403246643388982,-2.2743026219520064
California,Weekly,2022-05-15,Conventional,1.611129107,6011261.62,3837868.69,363210.6,536173.9,1274008.43,,,,2022Q2,2022-05,-0.03072075470192759,0.06354306610982352,-0.48346352454620184
California,Weekly,2022-05-22,Conventional,1.641412145,5287109.35,3216844.86,385544.86,419221.67,1265497.97,,,,2022Q2,2022-05,-0.12046593806376382,0.01879615846329563,-6.40907227394389
California,Weekly,2022-05-29,Conventional,1.63456891,5482763.15,3515500.23,392337.63,338693.71,1236231.59,,,,2022Q2,2022-05,0.037005816798550084,-0.004169114393874573,-8.876181678516781
California,Weekly,2022-06-05,Conventional,1.619535412,5695125.84,3779584.53,401347.67,312699.3,1201494.34,,,,2022Q2,2022-06,0.038732785675777315,-0.009197224973525264,-4.211355684706185
California,Weekly,2022-06-12,Conventional,1.655278325,5498343.04,3294364.18,463741.3,457745.81,1282491.76,,,,2022Q2,2022-06,-0.034552844928883886,0.022069855796398086,-1.5656126278144096
California,Weekly,2022-06-19,Conventional,1.6488241,5861510.28,3564786.51,430926.75,589548.36,1276248.66,,,,2022Q2,2022-06,0.06605030594817163,-0.0038991781034770634,-16.939545769728177
California,Weekly,2022-06-26,Conventional,1.640263584,5899573.17,3723486.12,386033.24,551097.46,1238956.35,,,,2022Q2,2022-06,0.006493700118529899,-0.005191891603234078,-1.2507387701401378
California,Weekly,2022-07-03,Conventional,1.651347493,5807471.34,3488269.96,399102.63,630970.41,1289128.34,,,,2022Q3,2022-07,-0.015611609068321819,0.006757395035845715,-2.3102998989266528
California,Weekly,2022-07-10,Conventional,1.588686443,5798484.95,3399225.24,402957.48,672301.36,1324000.87,,,,2022Q3,2022-07,-0.0015473843044397917,-0.03794540535266977,0.0407792271569691
California,Weekly,2022-07-17,Conventional,1.594510944,6180958.1,3782005.2,458300.32,623661.31,1316991.28,,,,2022Q3,2022-07,0.06596087655621141,0.003666236988213445,17.991438297160954
California,Weekly,2022-07-24,Conventional,1.522025151,5824766.86,3469372.99,400157.37,618401.86,1336834.64,,,,2022Q3,2022-07,-0.05762718889810936,-0.045459576977353144,1.267657834273685
California,Weekly,2022-07-31,Conventional,1.49471531,6127779.65,3793900.92,453362.52,556977.7,1323538.51,,,,2022Q3,2022-07,0.05202144519823748,-0.017943094423937045,-2.8992460257489423
California,Weekly,2022-08-07,Conventional,1.543830652,6337966.95,3812093.15,566160.85,606749.86,1352963.09,,,,2022Q3,2022-08,0.034300727507393214,0.032859328911269525,1.0438657344468574
California,Weekly,2022-08-14,Conventional,1.440359125,5907654.95,3479659.56,413042.59,717570.6,1297382.2,,,,2022Q3,2022-08,-0.0678943269024147,-0.06702258882213197,1.013006630982223
California,Weekly,2022-08-21,Conventional,1.449787672,5880263.52,3277766.82,750856.02,657668.88,1193971.8,,,,2022Q3,2022-08,-0.00463659950214268,0.0065459695685268215,-0.7083136353758137
California,Weekly,2022-08-28,Conventional,1.438581973,6155153.56,3830829.31,595574.25,599134.33,1129615.68,,,,2022Q3,2022-08,0.04674791173304427,-0.007729200086617927,-6.048221188371357
California,Weekly,2022-09-04,Conventional,1.380943559,6654499.79,4044061.3,644257.45,764335.79,1201845.26,,,,2022Q3,2022-09,0.08112652676044707,-0.040066131149830486,-2.024815584441332
California,Weekly,2022-09-11,Conventional,1.359895747,6019553.86,3427645.37,573003.33,809020.44,1209884.72,,,,2022Q3,2022-09,-0.09541602675443162,-0.015241616402658642,6.260230164156861
California,Weekly,2022-09-18,Conventional,1.339555788,6419969.25,4103284.41,569323.88,666411.45,1080949.51,,,,2022Q3,2022-09,0.06651911409261801,-0.014956998758817286,-4.447357064424732
California,Weekly,2022-09-25,Conventional,1.345949294,5696708.97,3279068.56,698862.96,611764.09,1107013.35,,,,2022Q3,2022-09,-0.1126579040857556,0.004772855342998206,-23.60387985590745
California,Weekly,2022-10-02,Conventional,1.293788901,5713463.76,2996401.51,855392.9,733451.2,1128218.14,,,,2022Q4,2022-10,0.0029411349760422034,-0.03875360924257809,-0.07589318862230815
California,Weekly,2022-10-09,Conventional,1.335515263,6355899.46,3573695.56,853169.13,844020.61,1085014.16,,,,2022Q4,2022-10,0.11244242144278527,0.032251290738194216,3.4864471737133655
California,Weekly,2022-10-16,Conventional,1.338410513,5345312.59,2986603.84,574179.26,621857.79,1162671.7,,,,2022Q4,2022-10,-0.15899981998771262,0.002167889862596084,-73.34312629577394
California,Weekly,2022-10-23,Conventional,1.383166163,5666812.73,3398033.52,556734.67,581534.55,1130510.0,,,,2022Q4,2022-10,0.06014618127318916,0.033439404103067005,1.7986618747094436
California,Weekly,2022-10-30,Conventional,1.225370635,5955521.95,3186226.96,978720.15,670332.93,1120241.91,,,,2022Q4,2022-10,0.05094737266886873,-0.11408284284351744,-0.4465822502227707
California,Weekly,2022-11-06,Conventional,1.285546668,5874548.14,3340138.02,489892.62,733039.44,1311478.06,,,,2022Q4,2022-11,-0.013596425414904356,0.049108434037184345,-0.27686538333943406
California,Weekly,2022-11-13,Conventional,1.254898328,5249179.72,3071246.92,321679.75,529115.33,1327137.72,,,,2022Q4,2022-11,-0.10645387612739865,-0.02384070587470899,4.4652149431669494
California,Weekly,2022-11-20,Conventional,1.26233384,4972673.79,2821954.05,407353.79,575864.3,1167501.65,,,,2022Q4,2022-11,-0.052676026493526096,0.005925190777686717,-8.890182353603743
California,Weekly,2022-11-27,Conventional,1.254794792,4777984.73,2570523.34,359223.97,558717.52,1289519.9,,,,2022Q4,2022-11,-0.03915178598514091,-0.005972309195165004,6.555552417955349
California,Weekly,2022-12-04,Conventional,1.248160898,5416638.87,3297653.08,461937.65,582820.89,1074227.25,,,,2022Q4,2022-12,0.13366600692338326,-0.005286835777686183,-25.282799115406423
California,Weekly,2022-12-11,Conventional,1.230936807,5226891.77,2948705.1,426303.12,730628.11,1121255.45,,,,2022Q4,2022-12,-0.03503041361145798,-0.013799575862053715,2.53851378923791
California,Weekly,2022-12-18,Conventional,1.159013997,5379487.82,3002129.04,514764.9,665316.57,1197277.31,,,,2022Q4,2022-12,0.029194415479546265,-0.05842932763972508,-0.4996534558733736
California,Weekly,2022-12-25,Conventional,1.273375782,5258188.41,2799369.67,547966.85,667464.73,1243387.17,,,,2022Q4,2022-12,-0.022548505370535432,0.09867161681913661,-0.2285206840368944
California,Weekly,2023-01-01,Conventional,1.136823423,6291234.03,3453780.66,534732.88,1117282.52,1185437.97,,,,2023Q1,2023-01,0.19646416968158809,-0.10723649760758525,-1.832064400317485
California,Weekly,2023-01-09,Conventional,1.1310537,6365472.39,3783691.0,456178.55,900228.48,1225374.35,,,,2023Q1,2023-01,0.011800285865378957,-0.005075302710401686,-2.3250407982945753
California,Weekly,2023-01-15,Conventional,1.279417989,5734275.63,3139413.96,606770.22,745972.35,1242119.11,,,,2023Q1,2023-01,-0.09915945295616935,0.13117351457318072,-0.7559411156956463
California,Weekly,2023-01-22,Conventional,1.244064363,5989217.17,3412092.4,595937.2,752062.88,1229124.68,,,,2023Q1,2023-01,0.044459240617284346,-0.027632584740841848,-1.6089425232657355
California,Weekly,2023-01-29,Conventional,1.083915866,6556230.64,3994219.82,398959.52,824694.52,1338356.77,,,,2023Q1,2023-01,0.09467238437106129,-0.12873007359025201,-0.7354333119734213
California,Weekly,2023-02-05,Conventional,1.180375637,6168275.52,3669370.08,404228.17,817227.75,1277449.52,,,,2023Q1,2023-02,-0.059173500949319835,0.08899193565268848,-0.664931047013721
California,Weekly,2023-02-12,Conventional,1.105594614,7872287.97,4312549.16,679066.38,1559808.13,1320864.31,,,,2023Q1,2023-02,0.2762542698481796,-0.06335358055174778,-4.360515497976197
California,Weekly,2023-02-19,Conventional,1.203184582,5940545.83,3262651.75,516201.51,947676.55,1214016.02,,,,2023Q1,2023-02,-0.24538509609424253,0.0882692143795123,-2.779962389142976
California,Weekly,2023-02-26,Conventional,1.125427949,6181235.12,3731665.36,536867.24,702626.88,1210075.64,,,,2023Q1,2023-02,0.040516359420124104,-0.06462568932752488,-0.6269389130193415
California,Weekly,2023-03-05,Conventional,1.190703705,6166152.0,3426388.53,701935.33,723217.54,1314610.6,,,,2023Q1,2023-03,-0.002440146622346928,0.05800083075775819,-0.04207089089013667
California,Weekly,2023-03-12,Conventional,1.124071606,6490887.45,3196238.64,1116318.92,889632.91,1288696.98,,,,2023Q1,2023-03,0.05266419802820299,-0.055960268469980146,-0.9410998100635395
California,Weekly,2023-03-19,Conventional,1.111597476,6319564.41,3288378.78,949141.8,786178.59,1295865.24,,,,2023Q1,2023-03,-0.02639439388214937,-0.011097273459641177,2.3784575533928325
California,Weekly,2023-03-26,Conventional,1.05996898,6284728.71,3381505.55,928984.85,704125.16,1270113.15,,,,2023Q1,2023-03,-0.00551235777340553,-0.04644531596615464,0.11868490199146157
California,Weekly,2023-04-02,Conventional,1.185491391,6261064.47,3384774.74,628192.43,955254.9,1292842.39,,,,2023Q2,2023-04,-0.0037653558477944715,0.11842083435309592,-0.03179639687867165
California,Weekly,2023-04-09,Conventional,1.131576581,6856884.09,3338497.17,1018204.49,1190196.33,1309986.1,,,,2023Q2,2023-04,0.09516267127656652,-0.04547887096381287,-2.0924589652255574
California,Weekly,2023-04-16,Conventional,1.206181877,6481636.88,3360246.22,1069457.77,813328.75,1238604.14,,,,2023Q2,2023-04,-0.054725616632087526,0.06593039945565993,-0.8300513432941061
California,Weekly,2023-04-23,Conventional,1.139649944,6708954.8,3212290.43,1203243.33,987865.16,1305555.88,,,,2023Q2,2023-04,0.035071066801261486,-0.05515912174495374,-0.6358162655929158
California,Weekly,2023-04-30,Conventional,1.220636869,6301968.21,3090314.41,1036575.9,884909.47,1290168.44,,,,2023Q2,2023-04,-0.06066318854913133,0.07106298335412364,-0.8536538389731306
California,Weekly,2023-05-07,Conventional,1.053989449,7672139.13,3478393.37,1425431.62,1410132.1,1358182.05,,,,2023Q2,2023-05,0.2174195226541773,-0.13652497661857865,-1.5925256172106923
California,Weekly,2023-05-14,Conventional,1.231241901,6142600.22,2918415.46,880544.53,1014436.1,1329204.13,,,,2023Q2,2023-05,-0.1993627701587315,0.16817289031514782,-1.1854631848518233
California,Weekly,2023-05-21,Conventional,1.184124011,6346308.21,3020485.78,1328533.76,701606.78,1295681.88,,,,2023Q2,2023-05,0.03316315285125304,-0.03826858878156392,-0.8665893858941973
California,Weekly,2023-05-28,Conventional,1.1626317,6505896.8,3212522.18,1053350.72,1011602.41,1228421.48,,,,2023Q2,2023-05,0.02514668130182085,-0.01815038864202212,-1.3854624161380646
California,Weekly,2023-06-04,Conventional,1.163240403,6658805.39,3133401.92,1454421.47,832548.43,1238433.58,,,,2023Q2,2023-06,0.023503076470564377,0.0005235561700236424,44.89122240599904
California,Weekly,2023-06-11,Conventional,1.207282682,6331577.35,2777567.4,1055098.89,1212934.93,1285976.14,,,,2023Q2,2023-06,-0.04914215401030064,0.03786171705041763,-1.297937807333505
California,Weekly,2023-06-18,Conventional,1.252609346,6161289.26,2990006.87,814974.96,1113685.19,1242622.24,,,,2023Q2,2023-06,-0.026895050093639017,0.037544366928970785,-0.7163538046738427
California,Weekly,2023-06-25,Conventional,1.19322658,6297641.62,2949681.79,1181263.35,994280.42,1172416.05,,,,2023Q2,2023-06,0.022130491565331978,-0.04740725126283718,-0.4668165939981464
California,Weekly,2023-07-02,Conventional,1.285325082,6543048.77,3018216.91,916504.65,1441319.04,1167008.17,,,,2023Q3,2023-07,0.03896810342789858,0.07718442041410101,0.5048700659904082
California,Weekly,2023-07-09,Conventional,1.2832332,6279328.63,3178965.86,903744.73,948099.71,1248518.33,,,,2023Q3,2023-07,-0.04030539115177645,-0.0016275120040021296,24.76503463732591
California,Weekly,2023-07-16,Conventional,1.304670434,6152711.17,3073621.61,1137572.16,832243.16,1109274.23,,,,2023Q3,2023-07,-0.020164171595522973,0.016705641655780035,-1.2070276623314442
California,Weekly,2023-07-23,Conventional,1.37074094,5922340.95,3124434.08,807359.97,900162.37,1090384.53,,,,2023Q3,2023-07,-0.037442066372831206,0.05064152929214005,-0.7393549700451582
California,Weekly,2023-07-30,Conventional,1.395218258,5679846.63,3070063.47,773475.03,725102.89,1111205.24,,,,2023Q3,2023-07,-0.04094568719485836,0.01785699783651329,-2.292977104535132
California,Weekly,2023-08-06,Conventional,1.413540354,5636062.43,3027241.34,907462.58,628232.54,1073125.96,,,,2023Q3,2023-08,-0.007708694063804367,0.013132064388452047,-0.5870131181037436
California,Weekly,2023-08-13,Conventional,1.256989802,6044860.86,3772897.88,454447.82,598515.77,1218999.39,,,,2023Q3,2023-08,0.07253262984171749,-0.11075067758553703,-0.6549181587236587
California,Weekly,2023-08-20,Conventional,1.334276429,6344451.92,3476967.66,601262.64,848794.63,1417427.0,,,,2023Q3,2023-08,0.04956128303671159,0.061485484509921084,0.8060647717383532
California,Weekly,2023-08-27,Conventional,1.19427821,6116234.95,3869550.74,394946.15,655406.29,1196331.77,,,,2023Q3,2023-08,-0.03597110875418219,-0.1049244489051826,0.3428286650968099
California,Weekly,2023-09-03,Conventional,1.32479098,6037894.21,3462432.69,494490.86,845290.9,1235679.75,,,,2023Q3,2023-09,-0.012808654448436485,0.1092817141828284,-0.1172076641020436
California,Weekly,2023-09-10,Conventional,1.300450053,6181254.07,3515493.22,424104.28,968234.42,1273422.15,,,,2023Q3,2023-09,0.02374335405919603,-0.018373409366057025,-1.2922671882040262
California,Weekly,2023-09-17,Conventional,1.256243306,6080198.46,3735080.98,402998.37,722057.22,1220061.89,,,,2023Q3,2023-09,-0.01634872290567413,-0.03399342166046271,0.4809378434736715
California,Weekly,2023-09-24,Conventional,1.248712545,5812932.68,3538383.64,489435.21,563942.17,1221171.66,,,,2023Q3,2023-09,-0.043956752687970724,-0.005994667564819589,7.332642254582405
California,Weekly,2023-10-01,Conventional,1.14166945,6115585.22,3326999.88,532995.25,570894.11,1684695.97,,,,2023Q4,2023-10,0.05206537846916892,-0.08572276736436579,-0.607369314710342
California,Weekly,2023-10-08,Conventional,1.155365406,6445283.61,3899845.74,526537.82,709534.68,1309365.36,,,,2023Q4,2023-10,0.05391117581384974,0.011996428563451511,4.4939354682689725
California,Weekly,2023-10-15,Conventional,1.23628225,5777971.99,3474604.61,405720.4,610639.66,1287007.32,,,,2023Q4,2023-10,-0.10353487299839703,0.07003571647531204,-1.4783153255081445
California,Weekly,2023-10-22,Conventional,1.200065279,5782595.79,3645891.95,463984.12,473262.59,1199457.12,,,,2023Q4,2023-10,0.0008002461777250058,-0.02929506672121196,-0.0273167555937179
California,Weekly,2023-10-29,Conventional,1.18814897,5788064.01,3736342.49,466300.45,420993.18,1164427.89,,,,2023Q4,2023-10,0.0009456341405456037,-0.009929717331651822,-0.09523273512845266
California,Weekly,2023-11-05,Conventional,1.152251909,6016681.92,3718263.07,513155.48,555440.49,1229822.89,,,,2023Q4,2023-11,0.03949816546690199,-0.030212592786239556,-1.3073411390528384
California,Weekly,2023-11-12,Conventional,1.230146995,5525928.18,3200221.22,589461.1,506738.3,1229507.56,,,,2023Q4,2023-11,-0.08156551177629812,0.06760247945052433,-1.2065461568756926
California,Weekly,2023-11-19,Conventional,1.218579584,5232897.2,3105734.81,579767.5,402009.72,1145385.17,,,,2023Q4,2023-11,-0.053028372873278884,-0.009403275419129775,5.639351237697384
California,Weekly,2023-11-26,Conventional,1.25653896,4540013.38,2669256.55,472948.57,373821.09,1023987.17,,,,2023Q4,2023-11,-0.13240921682925477,0.031150510396209086,-4.250627522474512
California,Weekly,2023-12-03,Conventional,1.038290069,6262731.28,4212312.3,596969.27,341435.3,1112014.41,,,,2023Q4,2023-12,0.37945216364098044,-0.1736905085696666,-2.184645360104888
California,Weekly,2023-12-10,Conventional,1.154861234,5694607.4,3246092.09,500158.26,410646.37,1537710.69,,,,2023Q4,2023-12,-0.0907150338406344,0.1122722526974298,-0.8079915710349962
California,Weekly,2023-12-17,Conventional,1.054188169,5838581.01,3831051.43,528226.46,381511.94,1097791.18,,,,2023Q4,2023-12,0.025282447039281397,-0.08717330016464997,-0.29002512227400784
California,Weekly,2023-12-24,Conventional,1.144825569,5480561.96,3500449.56,474444.62,374119.26,1131548.53,,,,2023Q4,2023-12,-0.061319531130390126,0.08597838855085849,-0.713197027345052
California,Weekly,2023-12-31,Conventional,0.991734268,6330370.12,4453224.17,434345.91,359344.74,1083455.29,,,,2023Q4,2023-12,0.15505858089048963,-0.1337245648118469,-1.159537001362914
California,Weekly,2024-01-08,Conventional,1.092285184,6502066.72,4191625.59,513599.52,367302.7,1429538.91,,,,2024Q1,2024-01,0.02712267951877667,0.10138897005422431,0.26751114548526395
California,Weekly,2024-01-14,Conventional,1.137116932,6622854.99,4243412.1,618756.56,400131.32,1360555.01,,,,2024Q1,2024-01,0.018576904113958514,0.04104399533812586,0.4526095464371712
California,Weekly,2024-01-21,Conventional,1.170411868,6255156.82,3892775.7,538553.21,397991.63,1425836.28,,,,2024Q1,2024-01,-0.05551958642537025,0.029280133874569625,-1.8961520689490463
California,Weekly,2024-01-28,Conventional,1.097717237,6670429.77,4207226.54,526693.01,537313.5,1399196.73,,,,2024Q1,2024-01,0.0663888951068694,-0.06211029893623743,-1.068887064527324
California,Weekly,2024-02-04,Conventional,1.210891858,6427394.52,3791691.69,544027.99,644514.38,1447160.46,,,,2024Q1,2024-02,-0.03643472135679193,0.10309997619177436,-0.35339214132329555
California,Weekly,2024-02-11,Conventional,0.971335546,8642278.6,5885638.49,685857.7,587787.36,1482995.05,,,,2024Q1,2024-02,0.3446006111975837,-0.19783460464889846,-1.7418621570738555
California,Weekly,2024-02-18,Conventional,1.092041338,6186160.8,4019044.38,387006.31,393330.22,1386779.88,,,,2024Q1,2024-02,-0.28419794288973743,0.12426786242619392,-2.2869786068665205
California,Weekly,2024-02-25,Conventional,1.145190442,6386309.69,3819440.06,594523.76,510347.12,1461998.75,,,,2024Q1,2024-02,0.032354298000142556,0.048669498260330624,0.6647756635394327
California,Weekly,2024-03-03,Conventional,1.209253,6267023.03,3783758.67,461779.96,622510.58,1398973.82,,,,2024Q1,2024-03,-0.01867849600008986,0.055940528012195845,-0.33389917227841825
California,Weekly,2024-03-10,Conventional,1.088465,6858243.3,4232177.86,599396.55,575604.04,1451064.86,,,,2024Q1,2024-03,0.09433829541870997,-0.09988645883036873,-0.9444552997811158
California,Weekly,2024-03-17,Conventional,1.150278,6689839.83,4172929.06,611866.58,510441.53,1394602.66,,,,2024Q1,2024-03,-0.024554898774151068,0.05678914802037727,-0.4323871660363737
California,Weekly,2024-03-24,Conventional,1.158616,6336747.0,3974134.47,532114.93,435593.93,1394903.66,,,,2024Q1,2024-03,-0.052780460963592346,0.007248682492406289,-7.281386792549556
California,Weekly,2024-03-31,Conventional,1.25342,6345435.1,3969113.08,458785.25,527420.65,1390116.12,,,,2024Q1,2024-03,0.00137106625844452,0.08182521214966809,0.01675603670830301
California,Weekly,2024-04-07,Conventional,1.18231,6748105.01,4156763.37,525645.45,606035.5,1459660.69,,,,2024Q2,2024-04,0.0634582032050095,-0.05673277911633767,-1.118545648449206
California,Weekly,2024-04-14,Conventional,1.25822,6744833.13,3739187.96,584590.4,940741.33,1480313.45,,,,2024Q2,2024-04,-0.00048485908194240146,0.06420481937901212,-0.007551755251894638
California,Weekly,2024-04-21,Conventional,1.25273,6515347.71,3932302.25,519789.03,634317.43,1428939.0,,,,2024Q2,2024-04,-0.03402388399785361,-0.0043633068938658814,7.797728838575577
California,Weekly,2024-04-28,Conventional,1.32838,6263352.21,3881139.42,448282.8,498485.61,1435444.38,,,,2024Q2,2024-04,-0.03867721435852578,0.0603881123626,-0.6404772867594986
California,Weekly,2024-05-05,Conventional,1.18368,7723954.93,4872874.79,590985.0,798353.37,1461741.77,,,,2024Q2,2024-05,0.23319824129769007,-0.10892967373793627,-2.1408146494473117
California,Weekly,2024-05-12,Conventional,1.35843,6606246.28,3881353.05,589423.24,743710.13,1391759.86,,,,2024Q2,2024-05,-0.14470678041618235,0.14763280616382812,-0.9801803825065902
California,Weekly,2024-05-19,Conventional,1.29237,6534578.47,3955382.35,479216.97,638434.85,1461544.3,,,,2024Q2,2024-05,-0.010848492012320299,-0.048629668072701526,0.22308381780648318
California,Weekly,2024-05-26,Conventional,1.373345215,6344619.48,3947236.93,400468.87,628331.81,1368581.87,,,,2024Q2,2024-05,-0.02906981542452869,0.0626563716273203,-0.463956253283158
California,Weekly,2024-06-02,Conventional,1.261472087,6826790.04,4463779.44,465371.02,495427.44,1402212.14,,,,2024Q2,2024-06,0.07599676568782954,-0.08146031076388904,-0.9329299750415209
California,Weekly,2024-06-09,Conventional,1.374280694,6524510.33,4106299.09,347557.99,641725.82,1428927.44,,,,2024Q2,2024-06,-0.044278454182545834,0.08942616183309982,-0.4951398256942388
California,Weekly,2024-06-16,Conventional,1.379950644,6458397.66,3958738.39,382616.91,662428.73,1454613.64,,,,2024Q2,2024-06,-0.010132970392584206,0.004125758314698302,-2.4560261701430233
California,Weekly,2024-06-23,Conventional,1.241995882,7132362.71,4546528.69,438345.61,700433.86,1447054.55,,,,2024Q2,2024-06,0.10435483930854761,-0.09997079431777123,-1.043853257550811
California,Weekly,2024-06-30,Conventional,1.356337634,6748506.23,4291619.95,373621.19,658662.95,1424602.14,,,,2024Q2,2024-06,-0.05381897915284228,0.09206290750004253,-0.5845891751009212
California,Weekly,2024-07-07,Conventional,1.293189151,7661839.69,5152801.58,485373.23,525357.3,1498307.58,,,,2024Q3,2024-07,0.1353386110751209,-0.04655808510877013,-2.9068766629671208
California,Weekly,2024-07-14,Conventional,1.388032693,6746395.18,4199805.16,408746.62,572202.61,1565640.79,,,,2024Q3,2024-07,-0.11948103158498746,0.07334081168764772,-1.629120660592727
California,Weekly,2024-07-21,Conventional,1.332262973,6894202.86,4370289.1,359904.84,651794.76,1512214.16,,,,2024Q3,2024-07,0.021909134590600843,-0.04017896716788649,-0.5452886456502041
California,Weekly,2024-07-28,Conventional,1.2840042,7019938.14,4513630.19,394709.48,617953.0,1493645.47,,,,2024Q3,2024-07,0.018237827135826334,-0.03622315862410441,-0.5034852792680017
California,Weekly,2024-08-04,Conventional,1.3117738,6608227.68,4115280.49,354197.82,583004.96,1555744.41,,,,2024Q3,2024-08,-0.05864873048582164,0.021627343586570813,-2.711786135502962
California,Weekly,2024-08-11,Conventional,1.315939518,6932588.88,4295621.02,322419.15,714077.58,1600471.13,,,,2024Q3,2024-08,0.04908444679981128,0.0031756374460290004,15.456565062611064
California,Weekly,2024-08-18,Conventional,1.378903476,6537148.31,3946109.42,314647.3,623268.43,1653123.16,,,,2024Q3,2024-08,-0.05704082224474849,0.04784715189319222,-1.1921466584276328
California,Weekly,2024-08-25,Conventional,1.429107789,6455681.88,4143120.06,339758.03,481277.78,1491526.02,,,,2024Q3,2024-08,-0.012462074613693419,0.03640886680889022,-0.3422813096355546
California,Weekly,2024-09-01,Conventional,1.26675755,6972480.3,4735404.03,371176.29,493288.19,1372611.79,,,,2024Q3,2024-09,0.08005326619346986,-0.11360251497446705,-0.704678643879164
California,Weekly,2024-09-08,Conventional,1.392335976,6638281.25,4280193.19,351761.95,515058.66,1491267.45,,,,2024Q3,2024-09,-0.04793115729563269,0.09913374978503198,-0.48349989180848807
California,Weekly,2024-09-15,Conventional,1.341989135,6445226.93,4125969.83,361748.88,458240.64,1499267.58,,,,2024Q3,2024-09,-0.0290819735906791,-0.036159979967363864,0.8042585647704172
California,Weekly,2024-09-22,Conventional,1.259954847,6523781.35,4385739.22,350290.86,423599.95,1364151.31,,,,2024Q3,2024-09,0.01218799909656565,-0.061128876427155254,-0.19938202383107076
California,Weekly,2024-09-29,Conventional,1.357500723,6124841.76,3835884.41,379866.84,498366.83,1410723.69,,,,2024Q3,2024-09,-0.06115158810465038,0.07742013631064681,-0.7898667067606392
California,Weekly,2024-10-06,Conventional,1.34897444,6562336.04,4162303.77,453138.88,521791.92,1425101.48,,,,2024Q4,2024-10,0.07142948293900098,-0.0062808681097107355,-11.372549413760998
California,Weekly,2024-10-13,Conventional,1.271279133,6564292.94,4178960.27,431147.83,625515.79,1328669.06,,,,2024Q4,2024-10,0.00029820173610017875,-0.05759583332060769,-0.005177488004040783
California,Weekly,2024-10-20,Conventional,1.411162702,5860487.76,3661411.3,370979.22,541844.1,1286253.13,,,,2024Q4,2024-10,-0.10721721081509206,0.11003371751245439,-0.9744032396520318
California,Weekly,2024-10-27,Conventional,1.178318988,6633426.34,4396762.29,465460.19,427508.3,1343695.56,,,,2024Q4,2024-10,0.13188980365688874,-0.16500132385159927,-0.7993257301105612
California,Weekly,2024-11-03,Conventional,1.330723674,5749272.79,3613764.13,395398.95,391084.2,1349025.52,,,,2024Q4,2024-11,-0.13328761105983722,0.12934077066744165,-1.0305150523847086
California,Weekly,2024-11-10,Conventional,1.330723674,5749272.79,3613764.13,395398.95,391084.2,1349025.52,,,,2024Q4,2024-11,0.0,0.0,0.0
California,Weekly,2024-11-17,Conventional,1.330723674,5749272.79,3613764.13,395398.95,391084.2,1349025.52,,,,2024Q4,2024-11,0.0,0.0,0.0
California,Weekly,2024-11-24,Conventional,1.330723674,5749272.79,3613764.13,395398.95,391084.2,1349025.52,,,,2024Q4,2024-11,0.0,0.0,0.0
California,Weekly,2024-12-01,Conventional,1.330723674,5749272.79,3613764.13,395398.95,391084.2,1349025.52,,,,2024Q4,2024-12,0.0,0.0,0.0
California,Weekly,2024-12-08,Conventional,1.330723674,5749272.79,3613764.13,395398.95,391084.2,1349025.52,,,,2024Q4,2024-12,0.0,0.0,0.0
California,Weekly,2024-12-15,Conventional,1.330723674,5749272.79,3613764.13,395398.95,391084.2,1349025.52,,,,2024Q4,2024-12,0.0,0.0,0.0
California,Weekly,2024-12-22,Conventional,1.330723674,5749272.79,3613764.13,395398.95,391084.2,1349025.52,,,,2024Q4,2024-12,0.0,0.0,0.0
California,Weekly,2024-12-29,Conventional,1.330723674,5749272.79,3613764.13,395398.95,391084.2,1349025.52,,,,2024Q4,2024-12,0.0,0.0,0.0
