Geography,Timeframe,Current Year Week Ending,Type,ASP Current Year,Total Bulk and Bags Units,4046 Units,4225 Units,4770 Units,TotalBagged Units
Albany,Weekly,2024-11-10,Conventional,1.051510861,150876.19,59949.03,57926.42,214.68,32786.06
Albany,Weekly,2024-11-17,Conventional,1.051510861,150876.19,59949.03,57926.42,214.68,32786.06
Albany,Weekly,2024-11-24,Conventional,1.051510861,150876.19,59949.03,57926.42,214.68,32786.06
Albany,Weekly,2024-12-01,Conventional,1.051510861,150876.19,59949.03,57926.42,214.68,32786.06
Albany,Weekly,2024-12-08,Conventional,1.051510861,150876.19,59949.03,57926.42,214.68,32786.06
Albany,Weekly,2024-12-15,Conventional,1.051510861,150876.19,59949.03,57926.42,214.68,32786.06
Albany,Weekly,2024-12-22,Conventional,1.051510861,150876.19,59949.03,57926.42,214.68,32786.06
Albany,Weekly,2024-12-29,Conventional,1.051510861,150876.19,59949.03,57926.42,214.68,32786.06
Albany,Weekly,2024-11-10,Organic,1.525743817,5666.59,201.06,220.71,0.0,5244.82
Albany,Weekly,2024-11-17,Organic,1.525743817,5666.59,201.06,220.71,0.0,5244.82
Albany,Weekly,2024-11-24,Organic,1.525743817,5666.59,201.06,220.71,0.0,5244.82
Albany,Weekly,2024-12-01,Organic,1.525743817,5666.59,201.06,220.71,0.0,5244.82
Albany,Weekly,2024-12-08,Organic,1.525743817,5666.59,201.06,220.71,0.0,5244.82
Albany,Weekly,2024-12-15,Organic,1.525743817,5666.59,201.06,220.71,0.0,5244.82
Albany,Weekly,2024-12-22,Organic,1.525743817,5666.59,201.06,220.71,0.0,5244.82
Albany,Weekly,2024-12-29,Organic,1.525743817,5666.59,201.06,220.71,0.0,5244.82
Atlanta,Weekly,2024-11-10,Conventional,1.224725432,853600.62,504488.62,108086.32,26.77,240998.92
Atlanta,Weekly,2024-11-17,Conventional,1.224725432,853600.62,504488.62,108086.32,26.77,240998.92
Atlanta,Weekly,2024-11-24,Conventional,1.224725432,853600.62,504488.62,108086.32,26.77,240998.92
Atlanta,Weekly,2024-12-01,Conventional,1.224725432,853600.62,504488.62,108086.32,26.77,240998.92
Atlanta,Weekly,2024-12-08,Conventional,1.224725432,853600.62,504488.62,108086.32,26.77,240998.92
Atlanta,Weekly,2024-12-15,Conventional,1.224725432,853600.62,504488.62,108086.32,26.77,240998.92
Atlanta,Weekly,2024-12-22,Conventional,1.224725432,853600.62,504488.62,108086.32,26.77,240998.92
Atlanta,Weekly,2024-12-29,Conventional,1.224725432,853600.62,504488.62,108086.32,26.77,240998.92
Atlanta,Weekly,2024-11-10,Organic,1.914084676,35402.71,19.01,6783.45,0.0,28600.25
Atlanta,Weekly,2024-11-17,Organic,1.914084676,35402.71,19.01,6783.45,0.0,28600.25
Atlanta,Weekly,2024-11-24,Organic,1.914084676,35402.71,19.01,6783.45,0.0,28600.25
Atlanta,Weekly,2024-12-01,Organic,1.914084676,35402.71,19.01,6783.45,0.0,28600.25
Atlanta,Weekly,2024-12-08,Organic,1.914084676,35402.71,19.01,6783.45,0.0,28600.25
Atlanta,Weekly,2024-12-15,Organic,1.914084676,35402.71,19.01,6783.45,0.0,28600.25
Atlanta,Weekly,2024-12-22,Organic,1.914084676,35402.71,19.01,6783.45,0.0,28600.25
Atlanta,Weekly,2024-12-29,Organic,1.914084676,35402.71,19.01,6783.45,0.0,28600.25
Baltimore/Washington,Weekly,2024-11-10,Conventional,1.142699214,1185109.2,530680.27,158936.51,543.58,494948.83
Baltimore/Washington,Weekly,2024-11-17,Conventional,1.142699214,1185109.2,530680.27,158936.51,543.58,494948.83
Baltimore/Washington,Weekly,2024-11-24,Conventional,1.142699214,1185109.2,530680.27,158936.51,543.58,494948.83
Baltimore/Washington,Weekly,2024-12-01,Conventional,1.142699214,1185109.2,530680.27,158936.51,543.58,494948.83
Baltimore/Washington,Weekly,2024-12-08,Conventional,1.142699214,1185109.2,530680.27,158936.51,543.58,494948.83
Baltimore/Washington,Weekly,2024-12-15,Conventional,1.142699214,1185109.2,530680.27,158936.51,543.58,494948.83
Baltimore/Washington,Weekly,2024-12-22,Conventional,1.142699214,1185109.2,530680.27,158936.51,543.58,494948.83
Baltimore/Washington,Weekly,2024-12-29,Conventional,1.142699214,1185109.2,530680.27,158936.51,543.58,494948.83
Baltimore/Washington,Weekly,2024-11-10,Organic,1.566423399,109397.07,2233.75,9132.14,0.0,98031.18
Baltimore/Washington,Weekly,2024-11-17,Organic,1.566423399,109397.07,2233.75,9132.14,0.0,98031.18
Baltimore/Washington,Weekly,2024-11-24,Organic,1.566423399,109397.07,2233.75,9132.14,0.0,98031.18
Baltimore/Washington,Weekly,2024-12-01,Organic,1.566423399,109397.07,2233.75,9132.14,0.0,98031.18
Baltimore/Washington,Weekly,2024-12-08,Organic,1.566423399,109397.07,2233.75,9132.14,0.0,98031.18
Baltimore/Washington,Weekly,2024-12-15,Organic,1.566423399,109397.07,2233.75,9132.14,0.0,98031.18
Baltimore/Washington,Weekly,2024-12-22,Organic,1.566423399,109397.07,2233.75,9132.14,0.0,98031.18
Baltimore/Washington,Weekly,2024-12-29,Organic,1.566423399,109397.07,2233.75,9132.14,0.0,98031.18
Birmingham/Montgomery,Weekly,2024-11-10,Conventional,1.059770012,354736.38,232442.89,7979.3,40.47,114273.72
Birmingham/Montgomery,Weekly,2024-11-17,Conventional,1.059770012,354736.38,232442.89,7979.3,40.47,114273.72
Birmingham/Montgomery,Weekly,2024-11-24,Conventional,1.059770012,354736.38,232442.89,7979.3,40.47,114273.72
Birmingham/Montgomery,Weekly,2024-12-01,Conventional,1.059770012,354736.38,232442.89,7979.3,40.47,114273.72
Birmingham/Montgomery,Weekly,2024-12-08,Conventional,1.059770012,354736.38,232442.89,7979.3,40.47,114273.72
Birmingham/Montgomery,Weekly,2024-12-15,Conventional,1.059770012,354736.38,232442.89,7979.3,40.47,114273.72
Birmingham/Montgomery,Weekly,2024-12-22,Conventional,1.059770012,354736.38,232442.89,7979.3,40.47,114273.72
Birmingham/Montgomery,Weekly,2024-12-29,Conventional,1.059770012,354736.38,232442.89,7979.3,40.47,114273.72
Birmingham/Montgomery,Weekly,2024-11-10,Organic,1.385437012,17968.75,29.89,510.2,0.0,17428.66
Birmingham/Montgomery,Weekly,2024-11-17,Organic,1.385437012,17968.75,29.89,510.2,0.0,17428.66
Birmingham/Montgomery,Weekly,2024-11-24,Organic,1.385437012,17968.75,29.89,510.2,0.0,17428.66
Birmingham/Montgomery,Weekly,2024-12-01,Organic,1.385437012,17968.75,29.89,510.2,0.0,17428.66
Birmingham/Montgomery,Weekly,2024-12-08,Organic,1.385437012,17968.75,29.89,510.2,0.0,17428.66
Birmingham/Montgomery,Weekly,2024-12-15,Organic,1.385437012,17968.75,29.89,510.2,0.0,17428.66
Birmingham/Montgomery,Weekly,2024-12-22,Organic,1.385437012,17968.75,29.89,510.2,0.0,17428.66
Birmingham/Montgomery,Weekly,2024-12-29,Organic,1.385437012,17968.75,29.89,510.2,0.0,17428.66
Boise,Weekly,2024-11-10,Conventional,1.27818796,109597.26,62369.14,25962.88,99.05,21166.18
Boise,Weekly,2024-11-17,Conventional,1.27818796,109597.26,62369.14,25962.88,99.05,21166.18
Boise,Weekly,2024-11-24,Conventional,1.27818796,109597.26,62369.14,25962.88,99.05,21166.18
Boise,Weekly,2024-12-01,Conventional,1.27818796,109597.26,62369.14,25962.88,99.05,21166.18
Boise,Weekly,2024-12-08,Conventional,1.27818796,109597.26,62369.14,25962.88,99.05,21166.18
Boise,Weekly,2024-12-15,Conventional,1.27818796,109597.26,62369.14,25962.88,99.05,21166.18
Boise,Weekly,2024-12-22,Conventional,1.27818796,109597.26,62369.14,25962.88,99.05,21166.18
Boise,Weekly,2024-12-29,Conventional,1.27818796,109597.26,62369.14,25962.88,99.05,21166.18
Boise,Weekly,2024-11-10,Organic,2.195994679,6756.47,12.67,3577.58,0.0,3166.23
Boise,Weekly,2024-11-17,Organic,2.195994679,6756.47,12.67,3577.58,0.0,3166.23
Boise,Weekly,2024-11-24,Organic,2.195994679,6756.47,12.67,3577.58,0.0,3166.23
Boise,Weekly,2024-12-01,Organic,2.195994679,6756.47,12.67,3577.58,0.0,3166.23
Boise,Weekly,2024-12-08,Organic,2.195994679,6756.47,12.67,3577.58,0.0,3166.23
Boise,Weekly,2024-12-15,Organic,2.195994679,6756.47,12.67,3577.58,0.0,3166.23
Boise,Weekly,2024-12-22,Organic,2.195994679,6756.47,12.67,3577.58,0.0,3166.23
Boise,Weekly,2024-12-29,Organic,2.195994679,6756.47,12.67,3577.58,0.0,3166.23
Boston,Weekly,2024-11-10,Conventional,1.224960003,684484.79,298076.98,225765.61,153.33,160488.86
Boston,Weekly,2024-11-17,Conventional,1.224960003,684484.79,298076.98,225765.61,153.33,160488.86
Boston,Weekly,2024-11-24,Conventional,1.224960003,684484.79,298076.98,225765.61,153.33,160488.86
Boston,Weekly,2024-12-01,Conventional,1.224960003,684484.79,298076.98,225765.61,153.33,160488.86
Boston,Weekly,2024-12-08,Conventional,1.224960003,684484.79,298076.98,225765.61,153.33,160488.86
Boston,Weekly,2024-12-15,Conventional,1.224960003,684484.79,298076.98,225765.61,153.33,160488.86
Boston,Weekly,2024-12-22,Conventional,1.224960003,684484.79,298076.98,225765.61,153.33,160488.86
Boston,Weekly,2024-12-29,Conventional,1.224960003,684484.79,298076.98,225765.61,153.33,160488.86
Boston,Weekly,2024-11-10,Organic,1.710906512,38823.56,237.17,1143.95,0.0,37442.43
Boston,Weekly,2024-11-17,Organic,1.710906512,38823.56,237.17,1143.95,0.0,37442.43
Boston,Weekly,2024-11-24,Organic,1.710906512,38823.56,237.17,1143.95,0.0,37442.43
Boston,Weekly,2024-12-01,Organic,1.710906512,38823.56,237.17,1143.95,0.0,37442.43
Boston,Weekly,2024-12-08,Organic,1.710906512,38823.56,237.17,1143.95,0.0,37442.43
Boston,Weekly,2024-12-15,Organic,1.710906512,38823.56,237.17,1143.95,0.0,37442.43
Boston,Weekly,2024-12-22,Organic,1.710906512,38823.56,237.17,1143.95,0.0,37442.43
Boston,Weekly,2024-12-29,Organic,1.710906512,38823.56,237.17,1143.95,0.0,37442.43
Buffalo/Rochester,Weekly,2024-11-10,Conventional,1.082658821,246601.95,84232.04,35005.9,1162.01,126202.0
Buffalo/Rochester,Weekly,2024-11-17,Conventional,1.082658821,246601.95,84232.04,35005.9,1162.01,126202.0
Buffalo/Rochester,Weekly,2024-11-24,Conventional,1.082658821,246601.95,84232.04,35005.9,1162.01,126202.0
Buffalo/Rochester,Weekly,2024-12-01,Conventional,1.082658821,246601.95,84232.04,35005.9,1162.01,126202.0
Buffalo/Rochester,Weekly,2024-12-08,Conventional,1.082658821,246601.95,84232.04,35005.9,1162.01,126202.0
Buffalo/Rochester,Weekly,2024-12-15,Conventional,1.082658821,246601.95,84232.04,35005.9,1162.01,126202.0
Buffalo/Rochester,Weekly,2024-12-22,Conventional,1.082658821,246601.95,84232.04,35005.9,1162.01,126202.0
Buffalo/Rochester,Weekly,2024-12-29,Conventional,1.082658821,246601.95,84232.04,35005.9,1162.01,126202.0
Buffalo/Rochester,Weekly,2024-11-10,Organic,1.445959099,21096.89,315.14,146.9,0.0,20634.85
Buffalo/Rochester,Weekly,2024-11-17,Organic,1.445959099,21096.89,315.14,146.9,0.0,20634.85
Buffalo/Rochester,Weekly,2024-11-24,Organic,1.445959099,21096.89,315.14,146.9,0.0,20634.85
Buffalo/Rochester,Weekly,2024-12-01,Organic,1.445959099,21096.89,315.14,146.9,0.0,20634.85
Buffalo/Rochester,Weekly,2024-12-08,Organic,1.445959099,21096.89,315.14,146.9,0.0,20634.85
Buffalo/Rochester,Weekly,2024-12-15,Organic,1.445959099,21096.89,315.14,146.9,0.0,20634.85
Buffalo/Rochester,Weekly,2024-12-22,Organic,1.445959099,21096.89,315.14,146.9,0.0,20634.85
Buffalo/Rochester,Weekly,2024-12-29,Organic,1.445959099,21096.89,315.14,146.9,0.0,20634.85
California,Weekly,2024-11-10,Conventional,1.330723674,5749272.79,3613764.13,395398.95,391084.2,1349025.52
California,Weekly,2024-11-17,Conventional,1.330723674,5749272.79,3613764.13,395398.95,391084.2,1349025.52
California,Weekly,2024-11-24,Conventional,1.330723674,5749272.79,3613764.13,395398.95,391084.2,1349025.52
California,Weekly,2024-12-01,Conventional,1.330723674,5749272.79,3613764.13,395398.95,391084.2,1349025.52
California,Weekly,2024-12-08,Conventional,1.330723674,5749272.79,3613764.13,395398.95,391084.2,1349025.52
California,Weekly,2024-12-15,Conventional,1.330723674,5749272.79,3613764.13,395398.95,391084.2,1349025.52
California,Weekly,2024-12-22,Conventional,1.330723674,5749272.79,3613764.13,395398.95,391084.2,1349025.52
California,Weekly,2024-12-29,Conventional,1.330723674,5749272.79,3613764.13,395398.95,391084.2,1349025.52
California,Weekly,2024-11-10,Organic,2.015422212,301295.7,121152.98,24191.22,0.0,155951.5
California,Weekly,2024-11-17,Organic,2.015422212,301295.7,121152.98,24191.22,0.0,155951.5
California,Weekly,2024-11-24,Organic,2.015422212,301295.7,121152.98,24191.22,0.0,155951.5
California,Weekly,2024-12-01,Organic,2.015422212,301295.7,121152.98,24191.22,0.0,155951.5
California,Weekly,2024-12-08,Organic,2.015422212,301295.7,121152.98,24191.22,0.0,155951.5
California,Weekly,2024-12-15,Organic,2.015422212,301295.7,121152.98,24191.22,0.0,155951.5
California,Weekly,2024-12-22,Organic,2.015422212,301295.7,121152.98,24191.22,0.0,155951.5
California,Weekly,2024-12-29,Organic,2.015422212,301295.7,121152.98,24191.22,0.0,155951.5
Charlotte,Weekly,2024-11-10,Conventional,1.173272796,428456.62,195864.51,52219.59,366.6,180005.92
Charlotte,Weekly,2024-11-17,Conventional,1.173272796,428456.62,195864.51,52219.59,366.6,180005.92
Charlotte,Weekly,2024-11-24,Conventional,1.173272796,428456.62,195864.51,52219.59,366.6,180005.92
Charlotte,Weekly,2024-12-01,Conventional,1.173272796,428456.62,195864.51,52219.59,366.6,180005.92
Charlotte,Weekly,2024-12-08,Conventional,1.173272796,428456.62,195864.51,52219.59,366.6,180005.92
Charlotte,Weekly,2024-12-15,Conventional,1.173272796,428456.62,195864.51,52219.59,366.6,180005.92
Charlotte,Weekly,2024-12-22,Conventional,1.173272796,428456.62,195864.51,52219.59,366.6,180005.92
Charlotte,Weekly,2024-12-29,Conventional,1.173272796,428456.62,195864.51,52219.59,366.6,180005.92
Charlotte,Weekly,2024-11-10,Organic,1.463527326,47860.78,658.17,2280.22,0.0,44922.39
Charlotte,Weekly,2024-11-17,Organic,1.463527326,47860.78,658.17,2280.22,0.0,44922.39
Charlotte,Weekly,2024-11-24,Organic,1.463527326,47860.78,658.17,2280.22,0.0,44922.39
Charlotte,Weekly,2024-12-01,Organic,1.463527326,47860.78,658.17,2280.22,0.0,44922.39
Charlotte,Weekly,2024-12-08,Organic,1.463527326,47860.78,658.17,2280.22,0.0,44922.39
Charlotte,Weekly,2024-12-15,Organic,1.463527326,47860.78,658.17,2280.22,0.0,44922.39
Charlotte,Weekly,2024-12-22,Organic,1.463527326,47860.78,658.17,2280.22,0.0,44922.39
Charlotte,Weekly,2024-12-29,Organic,1.463527326,47860.78,658.17,2280.22,0.0,44922.39
Chicago,Weekly,2024-11-10,Conventional,0.923916721,1669365.73,915053.54,140108.67,31476.89,582726.62
Chicago,Weekly,2024-11-17,Conventional,0.923916721,1669365.73,915053.54,140108.67,31476.89,582726.62
Chicago,Weekly,2024-11-24,Conventional,0.923916721,1669365.73,915053.54,140108.67,31476.89,582726.62
Chicago,Weekly,2024-12-01,Conventional,0.923916721,1669365.73,915053.54,140108.67,31476.89,582726.62
Chicago,Weekly,2024-12-08,Conventional,0.923916721,1669365.73,915053.54,140108.67,31476.89,582726.62
Chicago,Weekly,2024-12-15,Conventional,0.923916721,1669365.73,915053.54,140108.67,31476.89,582726.62
Chicago,Weekly,2024-12-22,Conventional,0.923916721,1669365.73,915053.54,140108.67,31476.89,582726.62
Chicago,Weekly,2024-12-29,Conventional,0.923916721,1669365.73,915053.54,140108.67,31476.89,582726.62
Chicago,Weekly,2024-11-10,Organic,1.32977985,108449.72,821.84,32428.27,0.0,75199.6
Chicago,Weekly,2024-11-17,Organic,1.32977985,108449.72,821.84,32428.27,0.0,75199.6
Chicago,Weekly,2024-11-24,Organic,1.32977985,108449.72,821.84,32428.27,0.0,75199.6
Chicago,Weekly,2024-12-01,Organic,1.32977985,108449.72,821.84,32428.27,0.0,75199.6
Chicago,Weekly,2024-12-08,Organic,1.32977985,108449.72,821.84,32428.27,0.0,75199.6
Chicago,Weekly,2024-12-15,Organic,1.32977985,108449.72,821.84,32428.27,0.0,75199.6
Chicago,Weekly,2024-12-22,Organic,1.32977985,108449.72,821.84,32428.27,0.0,75199.6
Chicago,Weekly,2024-12-29,Organic,1.32977985,108449.72,821.84,32428.27,0.0,75199.6
Cincinnati/Dayton,Weekly,2024-11-10,Conventional,1.480109232,293317.45,140328.6,88592.89,501.24,63894.72
Cincinnati/Dayton,Weekly,2024-11-17,Conventional,1.480109232,293317.45,140328.6,88592.89,501.24,63894.72
Cincinnati/Dayton,Weekly,2024-11-24,Conventional,1.480109232,293317.45,140328.6,88592.89,501.24,63894.72
Cincinnati/Dayton,Weekly,2024-12-01,Conventional,1.480109232,293317.45,140328.6,88592.89,501.24,63894.72
Cincinnati/Dayton,Weekly,2024-12-08,Conventional,1.480109232,293317.45,140328.6,88592.89,501.24,63894.72
Cincinnati/Dayton,Weekly,2024-12-15,Conventional,1.480109232,293317.45,140328.6,88592.89,501.24,63894.72
Cincinnati/Dayton,Weekly,2024-12-22,Conventional,1.480109232,293317.45,140328.6,88592.89,501.24,63894.72
Cincinnati/Dayton,Weekly,2024-12-29,Conventional,1.480109232,293317.45,140328.6,88592.89,501.24,63894.72
Cincinnati/Dayton,Weekly,2024-11-10,Organic,2.254195128,20140.71,680.2,8110.8,0.0,11349.7
Cincinnati/Dayton,Weekly,2024-11-17,Organic,2.254195128,20140.71,680.2,8110.8,0.0,11349.7
Cincinnati/Dayton,Weekly,2024-11-24,Organic,2.254195128,20140.71,680.2,8110.8,0.0,11349.7
Cincinnati/Dayton,Weekly,2024-12-01,Organic,2.254195128,20140.71,680.2,8110.8,0.0,11349.7
Cincinnati/Dayton,Weekly,2024-12-08,Organic,2.254195128,20140.71,680.2,8110.8,0.0,11349.7
Cincinnati/Dayton,Weekly,2024-12-15,Organic,2.254195128,20140.71,680.2,8110.8,0.0,11349.7
Cincinnati/Dayton,Weekly,2024-12-22,Organic,2.254195128,20140.71,680.2,8110.8,0.0,11349.7
Cincinnati/Dayton,Weekly,2024-12-29,Organic,2.254195128,20140.71,680.2,8110.8,0.0,11349.7
Columbus,Weekly,2024-11-10,Conventional,1.364939144,264371.84,141770.39,54750.76,344.86,67505.83
Columbus,Weekly,2024-11-17,Conventional,1.364939144,264371.84,141770.39,54750.76,344.86,67505.83
Columbus,Weekly,2024-11-24,Conventional,1.364939144,264371.84,141770.39,54750.76,344.86,67505.83
Columbus,Weekly,2024-12-01,Conventional,1.364939144,264371.84,141770.39,54750.76,344.86,67505.83
Columbus,Weekly,2024-12-08,Conventional,1.364939144,264371.84,141770.39,54750.76,344.86,67505.83
Columbus,Weekly,2024-12-15,Conventional,1.364939144,264371.84,141770.39,54750.76,344.86,67505.83
Columbus,Weekly,2024-12-22,Conventional,1.364939144,264371.84,141770.39,54750.76,344.86,67505.83
Columbus,Weekly,2024-12-29,Conventional,1.364939144,264371.84,141770.39,54750.76,344.86,67505.83
Columbus,Weekly,2024-11-10,Organic,2.096915508,13605.21,534.59,3986.17,0.0,9084.46
Columbus,Weekly,2024-11-17,Organic,2.096915508,13605.21,534.59,3986.17,0.0,9084.46
Columbus,Weekly,2024-11-24,Organic,2.096915508,13605.21,534.59,3986.17,0.0,9084.46
Columbus,Weekly,2024-12-01,Organic,2.096915508,13605.21,534.59,3986.17,0.0,9084.46
Columbus,Weekly,2024-12-08,Organic,2.096915508,13605.21,534.59,3986.17,0.0,9084.46
Columbus,Weekly,2024-12-15,Organic,2.096915508,13605.21,534.59,3986.17,0.0,9084.46
Columbus,Weekly,2024-12-22,Organic,2.096915508,13605.21,534.59,3986.17,0.0,9084.46
Columbus,Weekly,2024-12-29,Organic,2.096915508,13605.21,534.59,3986.17,0.0,9084.46
Dallas/Ft. Worth,Weekly,2024-11-10,Conventional,0.981642603,1417146.17,694720.34,249270.7,1190.01,471965.12
Dallas/Ft. Worth,Weekly,2024-11-17,Conventional,0.981642603,1417146.17,694720.34,249270.7,1190.01,471965.12
Dallas/Ft. Worth,Weekly,2024-11-24,Conventional,0.981642603,1417146.17,694720.34,249270.7,1190.01,471965.12
Dallas/Ft. Worth,Weekly,2024-12-01,Conventional,0.981642603,1417146.17,694720.34,249270.7,1190.01,471965.12
Dallas/Ft. Worth,Weekly,2024-12-08,Conventional,0.981642603,1417146.17,694720.34,249270.7,1190.01,471965.12
Dallas/Ft. Worth,Weekly,2024-12-15,Conventional,0.981642603,1417146.17,694720.34,249270.7,1190.01,471965.12
Dallas/Ft. Worth,Weekly,2024-12-22,Conventional,0.981642603,1417146.17,694720.34,249270.7,1190.01,471965.12
Dallas/Ft. Worth,Weekly,2024-12-29,Conventional,0.981642603,1417146.17,694720.34,249270.7,1190.01,471965.12
Dallas/Ft. Worth,Weekly,2024-11-10,Organic,1.556365857,53392.94,14953.7,743.07,0.0,37696.17
Dallas/Ft. Worth,Weekly,2024-11-17,Organic,1.556365857,53392.94,14953.7,743.07,0.0,37696.17
Dallas/Ft. Worth,Weekly,2024-11-24,Organic,1.556365857,53392.94,14953.7,743.07,0.0,37696.17
Dallas/Ft. Worth,Weekly,2024-12-01,Organic,1.556365857,53392.94,14953.7,743.07,0.0,37696.17
Dallas/Ft. Worth,Weekly,2024-12-08,Organic,1.556365857,53392.94,14953.7,743.07,0.0,37696.17
Dallas/Ft. Worth,Weekly,2024-12-15,Organic,1.556365857,53392.94,14953.7,743.07,0.0,37696.17
Dallas/Ft. Worth,Weekly,2024-12-22,Organic,1.556365857,53392.94,14953.7,743.07,0.0,37696.17
Dallas/Ft. Worth,Weekly,2024-12-29,Organic,1.556365857,53392.94,14953.7,743.07,0.0,37696.17
Denver,Weekly,2024-11-10,Conventional,1.402056712,881056.53,407201.18,256465.95,14158.1,203231.3
Denver,Weekly,2024-11-17,Conventional,1.402056712,881056.53,407201.18,256465.95,14158.1,203231.3
Denver,Weekly,2024-11-24,Conventional,1.402056712,881056.53,407201.18,256465.95,14158.1,203231.3
Denver,Weekly,2024-12-01,Conventional,1.402056712,881056.53,407201.18,256465.95,14158.1,203231.3
Denver,Weekly,2024-12-08,Conventional,1.402056712,881056.53,407201.18,256465.95,14158.1,203231.3
Denver,Weekly,2024-12-15,Conventional,1.402056712,881056.53,407201.18,256465.95,14158.1,203231.3
Denver,Weekly,2024-12-22,Conventional,1.402056712,881056.53,407201.18,256465.95,14158.1,203231.3
Denver,Weekly,2024-12-29,Conventional,1.402056712,881056.53,407201.18,256465.95,14158.1,203231.3
Denver,Weekly,2024-11-10,Organic,1.709553607,46617.68,21683.01,785.94,0.0,24148.73
Denver,Weekly,2024-11-17,Organic,1.709553607,46617.68,21683.01,785.94,0.0,24148.73
Denver,Weekly,2024-11-24,Organic,1.709553607,46617.68,21683.01,785.94,0.0,24148.73
Denver,Weekly,2024-12-01,Organic,1.709553607,46617.68,21683.01,785.94,0.0,24148.73
Denver,Weekly,2024-12-08,Organic,1.709553607,46617.68,21683.01,785.94,0.0,24148.73
Denver,Weekly,2024-12-15,Organic,1.709553607,46617.68,21683.01,785.94,0.0,24148.73
Denver,Weekly,2024-12-22,Organic,1.709553607,46617.68,21683.01,785.94,0.0,24148.73
Denver,Weekly,2024-12-29,Organic,1.709553607,46617.68,21683.01,785.94,0.0,24148.73
Detroit,Weekly,2024-11-10,Conventional,1.394572092,435636.18,170004.33,116095.88,1884.2,147651.78
Detroit,Weekly,2024-11-17,Conventional,1.394572092,435636.18,170004.33,116095.88,1884.2,147651.78
Detroit,Weekly,2024-11-24,Conventional,1.394572092,435636.18,170004.33,116095.88,1884.2,147651.78
Detroit,Weekly,2024-12-01,Conventional,1.394572092,435636.18,170004.33,116095.88,1884.2,147651.78
Detroit,Weekly,2024-12-08,Conventional,1.394572092,435636.18,170004.33,116095.88,1884.2,147651.78
Detroit,Weekly,2024-12-15,Conventional,1.394572092,435636.18,170004.33,116095.88,1884.2,147651.78
Detroit,Weekly,2024-12-22,Conventional,1.394572092,435636.18,170004.33,116095.88,1884.2,147651.78
Detroit,Weekly,2024-12-29,Conventional,1.394572092,435636.18,170004.33,116095.88,1884.2,147651.78
Detroit,Weekly,2024-11-10,Organic,1.717938111,23970.47,8.61,3915.39,0.0,20046.47
Detroit,Weekly,2024-11-17,Organic,1.717938111,23970.47,8.61,3915.39,0.0,20046.47
Detroit,Weekly,2024-11-24,Organic,1.717938111,23970.47,8.61,3915.39,0.0,20046.47
Detroit,Weekly,2024-12-01,Organic,1.717938111,23970.47,8.61,3915.39,0.0,20046.47
Detroit,Weekly,2024-12-08,Organic,1.717938111,23970.47,8.61,3915.39,0.0,20046.47
Detroit,Weekly,2024-12-15,Organic,1.717938111,23970.47,8.61,3915.39,0.0,20046.47
Detroit,Weekly,2024-12-22,Organic,1.717938111,23970.47,8.61,3915.39,0.0,20046.47
Detroit,Weekly,2024-12-29,Organic,1.717938111,23970.47,8.61,3915.39,0.0,20046.47
Grand Rapids,Weekly,2024-11-10,Conventional,1.237010877,200307.67,59716.46,48428.14,2907.15,89255.93
Grand Rapids,Weekly,2024-11-17,Conventional,1.237010877,200307.67,59716.46,48428.14,2907.15,89255.93
Grand Rapids,Weekly,2024-11-24,Conventional,1.237010877,200307.67,59716.46,48428.14,2907.15,89255.93
Grand Rapids,Weekly,2024-12-01,Conventional,1.237010877,200307.67,59716.46,48428.14,2907.15,89255.93
Grand Rapids,Weekly,2024-12-08,Conventional,1.237010877,200307.67,59716.46,48428.14,2907.15,89255.93
Grand Rapids,Weekly,2024-12-15,Conventional,1.237010877,200307.67,59716.46,48428.14,2907.15,89255.93
Grand Rapids,Weekly,2024-12-22,Conventional,1.237010877,200307.67,59716.46,48428.14,2907.15,89255.93
Grand Rapids,Weekly,2024-12-29,Conventional,1.237010877,200307.67,59716.46,48428.14,2907.15,89255.93
Grand Rapids,Weekly,2024-11-10,Organic,1.477985325,9621.32,27.41,443.93,0.0,9149.99
Grand Rapids,Weekly,2024-11-17,Organic,1.477985325,9621.32,27.41,443.93,0.0,9149.99
Grand Rapids,Weekly,2024-11-24,Organic,1.477985325,9621.32,27.41,443.93,0.0,9149.99
Grand Rapids,Weekly,2024-12-01,Organic,1.477985325,9621.32,27.41,443.93,0.0,9149.99
Grand Rapids,Weekly,2024-12-08,Organic,1.477985325,9621.32,27.41,443.93,0.0,9149.99
Grand Rapids,Weekly,2024-12-15,Organic,1.477985325,9621.32,27.41,443.93,0.0,9149.99
Grand Rapids,Weekly,2024-12-22,Organic,1.477985325,9621.32,27.41,443.93,0.0,9149.99
Grand Rapids,Weekly,2024-12-29,Organic,1.477985325,9621.32,27.41,443.93,0.0,9149.99
Great Lakes,Weekly,2024-11-10,Conventional,1.136648672,5184009.92,2674475.65,855313.08,42834.35,1611386.84
Great Lakes,Weekly,2024-11-17,Conventional,1.136648672,5184009.92,2674475.65,855313.08,42834.35,1611386.84
Great Lakes,Weekly,2024-11-24,Conventional,1.136648672,5184009.92,2674475.65,855313.08,42834.35,1611386.84
Great Lakes,Weekly,2024-12-01,Conventional,1.136648672,5184009.92,2674475.65,855313.08,42834.35,1611386.84
Great Lakes,Weekly,2024-12-08,Conventional,1.136648672,5184009.92,2674475.65,855313.08,42834.35,1611386.84
Great Lakes,Weekly,2024-12-15,Conventional,1.136648672,5184009.92,2674475.65,855313.08,42834.35,1611386.84
Great Lakes,Weekly,2024-12-22,Conventional,1.136648672,5184009.92,2674475.65,855313.08,42834.35,1611386.84
Great Lakes,Weekly,2024-12-29,Conventional,1.136648672,5184009.92,2674475.65,855313.08,42834.35,1611386.84
Great Lakes,Weekly,2024-11-10,Organic,1.60994528,268664.4,6454.85,62204.47,0.0,200005.08
Great Lakes,Weekly,2024-11-17,Organic,1.60994528,268664.4,6454.85,62204.47,0.0,200005.08
Great Lakes,Weekly,2024-11-24,Organic,1.60994528,268664.4,6454.85,62204.47,0.0,200005.08
Great Lakes,Weekly,2024-12-01,Organic,1.60994528,268664.4,6454.85,62204.47,0.0,200005.08
Great Lakes,Weekly,2024-12-08,Organic,1.60994528,268664.4,6454.85,62204.47,0.0,200005.08
Great Lakes,Weekly,2024-12-15,Organic,1.60994528,268664.4,6454.85,62204.47,0.0,200005.08
Great Lakes,Weekly,2024-12-22,Organic,1.60994528,268664.4,6454.85,62204.47,0.0,200005.08
Great Lakes,Weekly,2024-12-29,Organic,1.60994528,268664.4,6454.85,62204.47,0.0,200005.08
Harrisburg/Scranton,Weekly,2024-11-10,Conventional,1.118526724,444279.68,210460.21,54900.35,1756.82,177162.3
Harrisburg/Scranton,Weekly,2024-11-17,Conventional,1.118526724,444279.68,210460.21,54900.35,1756.82,177162.3
Harrisburg/Scranton,Weekly,2024-11-24,Conventional,1.118526724,444279.68,210460.21,54900.35,1756.82,177162.3
Harrisburg/Scranton,Weekly,2024-12-01,Conventional,1.118526724,444279.68,210460.21,54900.35,1756.82,177162.3
Harrisburg/Scranton,Weekly,2024-12-08,Conventional,1.118526724,444279.68,210460.21,54900.35,1756.82,177162.3
Harrisburg/Scranton,Weekly,2024-12-15,Conventional,1.118526724,444279.68,210460.21,54900.35,1756.82,177162.3
Harrisburg/Scranton,Weekly,2024-12-22,Conventional,1.118526724,444279.68,210460.21,54900.35,1756.82,177162.3
Harrisburg/Scranton,Weekly,2024-12-29,Conventional,1.118526724,444279.68,210460.21,54900.35,1756.82,177162.3
Harrisburg/Scranton,Weekly,2024-11-10,Organic,1.462425211,26896.03,769.52,750.0,0.0,25376.52
Harrisburg/Scranton,Weekly,2024-11-17,Organic,1.462425211,26896.03,769.52,750.0,0.0,25376.52
Harrisburg/Scranton,Weekly,2024-11-24,Organic,1.462425211,26896.03,769.52,750.0,0.0,25376.52
Harrisburg/Scranton,Weekly,2024-12-01,Organic,1.462425211,26896.03,769.52,750.0,0.0,25376.52
Harrisburg/Scranton,Weekly,2024-12-08,Organic,1.462425211,26896.03,769.52,750.0,0.0,25376.52
Harrisburg/Scranton,Weekly,2024-12-15,Organic,1.462425211,26896.03,769.52,750.0,0.0,25376.52
Harrisburg/Scranton,Weekly,2024-12-22,Organic,1.462425211,26896.03,769.52,750.0,0.0,25376.52
Harrisburg/Scranton,Weekly,2024-12-29,Organic,1.462425211,26896.03,769.52,750.0,0.0,25376.52
Hartford/Springfield,Weekly,2024-11-10,Conventional,1.094206071,455853.12,181702.8,163938.31,301.51,109910.5
Hartford/Springfield,Weekly,2024-11-17,Conventional,1.094206071,455853.12,181702.8,163938.31,301.51,109910.5
Hartford/Springfield,Weekly,2024-11-24,Conventional,1.094206071,455853.12,181702.8,163938.31,301.51,109910.5
Hartford/Springfield,Weekly,2024-12-01,Conventional,1.094206071,455853.12,181702.8,163938.31,301.51,109910.5
Hartford/Springfield,Weekly,2024-12-08,Conventional,1.094206071,455853.12,181702.8,163938.31,301.51,109910.5
Hartford/Springfield,Weekly,2024-12-15,Conventional,1.094206071,455853.12,181702.8,163938.31,301.51,109910.5
Hartford/Springfield,Weekly,2024-12-22,Conventional,1.094206071,455853.12,181702.8,163938.31,301.51,109910.5
Hartford/Springfield,Weekly,2024-12-29,Conventional,1.094206071,455853.12,181702.8,163938.31,301.51,109910.5
Hartford/Springfield,Weekly,2024-11-10,Organic,1.505230479,25033.34,661.94,211.73,0.0,24159.66
Hartford/Springfield,Weekly,2024-11-17,Organic,1.505230479,25033.34,661.94,211.73,0.0,24159.66
Hartford/Springfield,Weekly,2024-11-24,Organic,1.505230479,25033.34,661.94,211.73,0.0,24159.66
Hartford/Springfield,Weekly,2024-12-01,Organic,1.505230479,25033.34,661.94,211.73,0.0,24159.66
Hartford/Springfield,Weekly,2024-12-08,Organic,1.505230479,25033.34,661.94,211.73,0.0,24159.66
Hartford/Springfield,Weekly,2024-12-15,Organic,1.505230479,25033.34,661.94,211.73,0.0,24159.66
Hartford/Springfield,Weekly,2024-12-22,Organic,1.505230479,25033.34,661.94,211.73,0.0,24159.66
Hartford/Springfield,Weekly,2024-12-29,Organic,1.505230479,25033.34,661.94,211.73,0.0,24159.66
Houston,Weekly,2024-11-10,Conventional,1.031350082,993786.23,527894.36,208377.49,1534.44,255979.94
Houston,Weekly,2024-11-17,Conventional,1.031350082,993786.23,527894.36,208377.49,1534.44,255979.94
Houston,Weekly,2024-11-24,Conventional,1.031350082,993786.23,527894.36,208377.49,1534.44,255979.94
Houston,Weekly,2024-12-01,Conventional,1.031350082,993786.23,527894.36,208377.49,1534.44,255979.94
Houston,Weekly,2024-12-08,Conventional,1.031350082,993786.23,527894.36,208377.49,1534.44,255979.94
Houston,Weekly,2024-12-15,Conventional,1.031350082,993786.23,527894.36,208377.49,1534.44,255979.94
Houston,Weekly,2024-12-22,Conventional,1.031350082,993786.23,527894.36,208377.49,1534.44,255979.94
Houston,Weekly,2024-12-29,Conventional,1.031350082,993786.23,527894.36,208377.49,1534.44,255979.94
Houston,Weekly,2024-11-10,Organic,1.428830134,31307.85,9413.41,666.8,0.0,21227.65
Houston,Weekly,2024-11-17,Organic,1.428830134,31307.85,9413.41,666.8,0.0,21227.65
Houston,Weekly,2024-11-24,Organic,1.428830134,31307.85,9413.41,666.8,0.0,21227.65
Houston,Weekly,2024-12-01,Organic,1.428830134,31307.85,9413.41,666.8,0.0,21227.65
Houston,Weekly,2024-12-08,Organic,1.428830134,31307.85,9413.41,666.8,0.0,21227.65
Houston,Weekly,2024-12-15,Organic,1.428830134,31307.85,9413.41,666.8,0.0,21227.65
Houston,Weekly,2024-12-22,Organic,1.428830134,31307.85,9413.41,666.8,0.0,21227.65
Houston,Weekly,2024-12-29,Organic,1.428830134,31307.85,9413.41,666.8,0.0,21227.65
Indianapolis,Weekly,2024-11-10,Conventional,1.29611303,293163.66,151545.15,59958.63,372.12,81287.76
Indianapolis,Weekly,2024-11-17,Conventional,1.29611303,293163.66,151545.15,59958.63,372.12,81287.76
Indianapolis,Weekly,2024-11-24,Conventional,1.29611303,293163.66,151545.15,59958.63,372.12,81287.76
Indianapolis,Weekly,2024-12-01,Conventional,1.29611303,293163.66,151545.15,59958.63,372.12,81287.76
Indianapolis,Weekly,2024-12-08,Conventional,1.29611303,293163.66,151545.15,59958.63,372.12,81287.76
Indianapolis,Weekly,2024-12-15,Conventional,1.29611303,293163.66,151545.15,59958.63,372.12,81287.76
Indianapolis,Weekly,2024-12-22,Conventional,1.29611303,293163.66,151545.15,59958.63,372.12,81287.76
Indianapolis,Weekly,2024-12-29,Conventional,1.29611303,293163.66,151545.15,59958.63,372.12,81287.76
Indianapolis,Weekly,2024-11-10,Organic,1.9709988,11277.12,181.45,2990.45,0.0,8105.22
Indianapolis,Weekly,2024-11-17,Organic,1.9709988,11277.12,181.45,2990.45,0.0,8105.22
Indianapolis,Weekly,2024-11-24,Organic,1.9709988,11277.12,181.45,2990.45,0.0,8105.22
Indianapolis,Weekly,2024-12-01,Organic,1.9709988,11277.12,181.45,2990.45,0.0,8105.22
Indianapolis,Weekly,2024-12-08,Organic,1.9709988,11277.12,181.45,2990.45,0.0,8105.22
Indianapolis,Weekly,2024-12-15,Organic,1.9709988,11277.12,181.45,2990.45,0.0,8105.22
Indianapolis,Weekly,2024-12-22,Organic,1.9709988,11277.12,181.45,2990.45,0.0,8105.22
Indianapolis,Weekly,2024-12-29,Organic,1.9709988,11277.12,181.45,2990.45,0.0,8105.22
Jacksonville,Weekly,2024-11-10,Conventional,1.02313445,320425.95,205565.1,3457.49,14.53,111388.83
Jacksonville,Weekly,2024-11-17,Conventional,1.02313445,320425.95,205565.1,3457.49,14.53,111388.83
Jacksonville,Weekly,2024-11-24,Conventional,1.02313445,320425.95,205565.1,3457.49,14.53,111388.83
Jacksonville,Weekly,2024-12-01,Conventional,1.02313445,320425.95,205565.1,3457.49,14.53,111388.83
Jacksonville,Weekly,2024-12-08,Conventional,1.02313445,320425.95,205565.1,3457.49,14.53,111388.83
Jacksonville,Weekly,2024-12-15,Conventional,1.02313445,320425.95,205565.1,3457.49,14.53,111388.83
Jacksonville,Weekly,2024-12-22,Conventional,1.02313445,320425.95,205565.1,3457.49,14.53,111388.83
Jacksonville,Weekly,2024-12-29,Conventional,1.02313445,320425.95,205565.1,3457.49,14.53,111388.83
Jacksonville,Weekly,2024-11-10,Organic,1.624887188,14148.58,71.18,104.62,0.0,13972.78
Jacksonville,Weekly,2024-11-17,Organic,1.624887188,14148.58,71.18,104.62,0.0,13972.78
Jacksonville,Weekly,2024-11-24,Organic,1.624887188,14148.58,71.18,104.62,0.0,13972.78
Jacksonville,Weekly,2024-12-01,Organic,1.624887188,14148.58,71.18,104.62,0.0,13972.78
Jacksonville,Weekly,2024-12-08,Organic,1.624887188,14148.58,71.18,104.62,0.0,13972.78
Jacksonville,Weekly,2024-12-15,Organic,1.624887188,14148.58,71.18,104.62,0.0,13972.78
Jacksonville,Weekly,2024-12-22,Organic,1.624887188,14148.58,71.18,104.62,0.0,13972.78
Jacksonville,Weekly,2024-12-29,Organic,1.624887188,14148.58,71.18,104.62,0.0,13972.78
Las Vegas,Weekly,2024-11-10,Conventional,1.323017324,373249.46,173001.79,76541.51,6798.02,116908.14
Las Vegas,Weekly,2024-11-17,Conventional,1.323017324,373249.46,173001.79,76541.51,6798.02,116908.14
Las Vegas,Weekly,2024-11-24,Conventional,1.323017324,373249.46,173001.79,76541.51,6798.02,116908.14
Las Vegas,Weekly,2024-12-01,Conventional,1.323017324,373249.46,173001.79,76541.51,6798.02,116908.14
Las Vegas,Weekly,2024-12-08,Conventional,1.323017324,373249.46,173001.79,76541.51,6798.02,116908.14
Las Vegas,Weekly,2024-12-15,Conventional,1.323017324,373249.46,173001.79,76541.51,6798.02,116908.14
Las Vegas,Weekly,2024-12-22,Conventional,1.323017324,373249.46,173001.79,76541.51,6798.02,116908.14
Las Vegas,Weekly,2024-12-29,Conventional,1.323017324,373249.46,173001.79,76541.51,6798.02,116908.14
Las Vegas,Weekly,2024-11-10,Organic,1.686409979,20385.97,6302.39,2700.45,0.0,11383.13
Las Vegas,Weekly,2024-11-17,Organic,1.686409979,20385.97,6302.39,2700.45,0.0,11383.13
Las Vegas,Weekly,2024-11-24,Organic,1.686409979,20385.97,6302.39,2700.45,0.0,11383.13
Las Vegas,Weekly,2024-12-01,Organic,1.686409979,20385.97,6302.39,2700.45,0.0,11383.13
Las Vegas,Weekly,2024-12-08,Organic,1.686409979,20385.97,6302.39,2700.45,0.0,11383.13
Las Vegas,Weekly,2024-12-15,Organic,1.686409979,20385.97,6302.39,2700.45,0.0,11383.13
Las Vegas,Weekly,2024-12-22,Organic,1.686409979,20385.97,6302.39,2700.45,0.0,11383.13
Las Vegas,Weekly,2024-12-29,Organic,1.686409979,20385.97,6302.39,2700.45,0.0,11383.13
Los Angeles,Weekly,2024-11-10,Conventional,1.295443427,2976232.0,1792819.46,146599.02,300230.76,736582.76
Los Angeles,Weekly,2024-11-17,Conventional,1.295443427,2976232.0,1792819.46,146599.02,300230.76,736582.76
Los Angeles,Weekly,2024-11-24,Conventional,1.295443427,2976232.0,1792819.46,146599.02,300230.76,736582.76
Los Angeles,Weekly,2024-12-01,Conventional,1.295443427,2976232.0,1792819.46,146599.02,300230.76,736582.76
Los Angeles,Weekly,2024-12-08,Conventional,1.295443427,2976232.0,1792819.46,146599.02,300230.76,736582.76
Los Angeles,Weekly,2024-12-15,Conventional,1.295443427,2976232.0,1792819.46,146599.02,300230.76,736582.76
Los Angeles,Weekly,2024-12-22,Conventional,1.295443427,2976232.0,1792819.46,146599.02,300230.76,736582.76
Los Angeles,Weekly,2024-12-29,Conventional,1.295443427,2976232.0,1792819.46,146599.02,300230.76,736582.76
Los Angeles,Weekly,2024-11-10,Organic,2.038359669,157188.99,64937.43,16048.67,0.0,76202.89
Los Angeles,Weekly,2024-11-17,Organic,2.038359669,157188.99,64937.43,16048.67,0.0,76202.89
Los Angeles,Weekly,2024-11-24,Organic,2.038359669,157188.99,64937.43,16048.67,0.0,76202.89
Los Angeles,Weekly,2024-12-01,Organic,2.038359669,157188.99,64937.43,16048.67,0.0,76202.89
Los Angeles,Weekly,2024-12-08,Organic,2.038359669,157188.99,64937.43,16048.67,0.0,76202.89
Los Angeles,Weekly,2024-12-15,Organic,2.038359669,157188.99,64937.43,16048.67,0.0,76202.89
Los Angeles,Weekly,2024-12-22,Organic,2.038359669,157188.99,64937.43,16048.67,0.0,76202.89
Los Angeles,Weekly,2024-12-29,Organic,2.038359669,157188.99,64937.43,16048.67,0.0,76202.89
Louisville,Weekly,2024-11-10,Conventional,1.409285747,147375.36,66275.65,33605.65,22.85,47471.21
Louisville,Weekly,2024-11-17,Conventional,1.409285747,147375.36,66275.65,33605.65,22.85,47471.21
Louisville,Weekly,2024-11-24,Conventional,1.409285747,147375.36,66275.65,33605.65,22.85,47471.21
Louisville,Weekly,2024-12-01,Conventional,1.409285747,147375.36,66275.65,33605.65,22.85,47471.21
Louisville,Weekly,2024-12-08,Conventional,1.409285747,147375.36,66275.65,33605.65,22.85,47471.21
Louisville,Weekly,2024-12-15,Conventional,1.409285747,147375.36,66275.65,33605.65,22.85,47471.21
Louisville,Weekly,2024-12-22,Conventional,1.409285747,147375.36,66275.65,33605.65,22.85,47471.21
Louisville,Weekly,2024-12-29,Conventional,1.409285747,147375.36,66275.65,33605.65,22.85,47471.21
Louisville,Weekly,2024-11-10,Organic,2.016041668,8609.83,10.38,2925.15,0.0,5674.3
Louisville,Weekly,2024-11-17,Organic,2.016041668,8609.83,10.38,2925.15,0.0,5674.3
Louisville,Weekly,2024-11-24,Organic,2.016041668,8609.83,10.38,2925.15,0.0,5674.3
Louisville,Weekly,2024-12-01,Organic,2.016041668,8609.83,10.38,2925.15,0.0,5674.3
Louisville,Weekly,2024-12-08,Organic,2.016041668,8609.83,10.38,2925.15,0.0,5674.3
Louisville,Weekly,2024-12-15,Organic,2.016041668,8609.83,10.38,2925.15,0.0,5674.3
Louisville,Weekly,2024-12-22,Organic,2.016041668,8609.83,10.38,2925.15,0.0,5674.3
Louisville,Weekly,2024-12-29,Organic,2.016041668,8609.83,10.38,2925.15,0.0,5674.3
Miami/Ft. Lauderdale,Weekly,2024-11-10,Conventional,1.01251835,1380003.64,808415.92,32649.27,1632.07,537306.38
Miami/Ft. Lauderdale,Weekly,2024-11-17,Conventional,1.01251835,1380003.64,808415.92,32649.27,1632.07,537306.38
Miami/Ft. Lauderdale,Weekly,2024-11-24,Conventional,1.01251835,1380003.64,808415.92,32649.27,1632.07,537306.38
Miami/Ft. Lauderdale,Weekly,2024-12-01,Conventional,1.01251835,1380003.64,808415.92,32649.27,1632.07,537306.38
Miami/Ft. Lauderdale,Weekly,2024-12-08,Conventional,1.01251835,1380003.64,808415.92,32649.27,1632.07,537306.38
Miami/Ft. Lauderdale,Weekly,2024-12-15,Conventional,1.01251835,1380003.64,808415.92,32649.27,1632.07,537306.38
Miami/Ft. Lauderdale,Weekly,2024-12-22,Conventional,1.01251835,1380003.64,808415.92,32649.27,1632.07,537306.38
Miami/Ft. Lauderdale,Weekly,2024-12-29,Conventional,1.01251835,1380003.64,808415.92,32649.27,1632.07,537306.38
Miami/Ft. Lauderdale,Weekly,2024-11-10,Organic,1.508075555,82150.74,187.5,886.2,0.0,81077.04
Miami/Ft. Lauderdale,Weekly,2024-11-17,Organic,1.508075555,82150.74,187.5,886.2,0.0,81077.04
Miami/Ft. Lauderdale,Weekly,2024-11-24,Organic,1.508075555,82150.74,187.5,886.2,0.0,81077.04
Miami/Ft. Lauderdale,Weekly,2024-12-01,Organic,1.508075555,82150.74,187.5,886.2,0.0,81077.04
Miami/Ft. Lauderdale,Weekly,2024-12-08,Organic,1.508075555,82150.74,187.5,886.2,0.0,81077.04
Miami/Ft. Lauderdale,Weekly,2024-12-15,Organic,1.508075555,82150.74,187.5,886.2,0.0,81077.04
Miami/Ft. Lauderdale,Weekly,2024-12-22,Organic,1.508075555,82150.74,187.5,886.2,0.0,81077.04
Miami/Ft. Lauderdale,Weekly,2024-12-29,Organic,1.508075555,82150.74,187.5,886.2,0.0,81077.04
Midsouth,Weekly,2024-11-10,Conventional,1.179962949,4537732.77,2273299.47,593447.41,1654.36,1669331.53
Midsouth,Weekly,2024-11-17,Conventional,1.179962949,4537732.77,2273299.47,593447.41,1654.36,1669331.53
Midsouth,Weekly,2024-11-24,Conventional,1.179962949,4537732.77,2273299.47,593447.41,1654.36,1669331.53
Midsouth,Weekly,2024-12-01,Conventional,1.179962949,4537732.77,2273299.47,593447.41,1654.36,1669331.53
Midsouth,Weekly,2024-12-08,Conventional,1.179962949,4537732.77,2273299.47,593447.41,1654.36,1669331.53
Midsouth,Weekly,2024-12-15,Conventional,1.179962949,4537732.77,2273299.47,593447.41,1654.36,1669331.53
Midsouth,Weekly,2024-12-22,Conventional,1.179962949,4537732.77,2273299.47,593447.41,1654.36,1669331.53
Midsouth,Weekly,2024-12-29,Conventional,1.179962949,4537732.77,2273299.47,593447.41,1654.36,1669331.53
Midsouth,Weekly,2024-11-10,Organic,1.538494328,411043.19,4424.09,38036.67,0.0,368582.42
Midsouth,Weekly,2024-11-17,Organic,1.538494328,411043.19,4424.09,38036.67,0.0,368582.42
Midsouth,Weekly,2024-11-24,Organic,1.538494328,411043.19,4424.09,38036.67,0.0,368582.42
Midsouth,Weekly,2024-12-01,Organic,1.538494328,411043.19,4424.09,38036.67,0.0,368582.42
Midsouth,Weekly,2024-12-08,Organic,1.538494328,411043.19,4424.09,38036.67,0.0,368582.42
Midsouth,Weekly,2024-12-15,Organic,1.538494328,411043.19,4424.09,38036.67,0.0,368582.42
Midsouth,Weekly,2024-12-22,Organic,1.538494328,411043.19,4424.09,38036.67,0.0,368582.42
Midsouth,Weekly,2024-12-29,Organic,1.538494328,411043.19,4424.09,38036.67,0.0,368582.42
Nashville,Weekly,2024-11-10,Conventional,1.227570769,341770.27,195847.67,32456.99,34.1,113431.52
Nashville,Weekly,2024-11-17,Conventional,1.227570769,341770.27,195847.67,32456.99,34.1,113431.52
Nashville,Weekly,2024-11-24,Conventional,1.227570769,341770.27,195847.67,32456.99,34.1,113431.52
Nashville,Weekly,2024-12-01,Conventional,1.227570769,341770.27,195847.67,32456.99,34.1,113431.52
Nashville,Weekly,2024-12-08,Conventional,1.227570769,341770.27,195847.67,32456.99,34.1,113431.52
Nashville,Weekly,2024-12-15,Conventional,1.227570769,341770.27,195847.67,32456.99,34.1,113431.52
Nashville,Weekly,2024-12-22,Conventional,1.227570769,341770.27,195847.67,32456.99,34.1,113431.52
Nashville,Weekly,2024-12-29,Conventional,1.227570769,341770.27,195847.67,32456.99,34.1,113431.52
Nashville,Weekly,2024-11-10,Organic,1.649131654,26124.51,49.49,4475.25,0.0,21599.76
Nashville,Weekly,2024-11-17,Organic,1.649131654,26124.51,49.49,4475.25,0.0,21599.76
Nashville,Weekly,2024-11-24,Organic,1.649131654,26124.51,49.49,4475.25,0.0,21599.76
Nashville,Weekly,2024-12-01,Organic,1.649131654,26124.51,49.49,4475.25,0.0,21599.76
Nashville,Weekly,2024-12-08,Organic,1.649131654,26124.51,49.49,4475.25,0.0,21599.76
Nashville,Weekly,2024-12-15,Organic,1.649131654,26124.51,49.49,4475.25,0.0,21599.76
Nashville,Weekly,2024-12-22,Organic,1.649131654,26124.51,49.49,4475.25,0.0,21599.76
Nashville,Weekly,2024-12-29,Organic,1.649131654,26124.51,49.49,4475.25,0.0,21599.76
New Orleans/Mobile,Weekly,2024-11-10,Conventional,0.944516595,256987.18,168962.8,10331.68,105.1,77587.61
New Orleans/Mobile,Weekly,2024-11-17,Conventional,0.944516595,256987.18,168962.8,10331.68,105.1,77587.61
New Orleans/Mobile,Weekly,2024-11-24,Conventional,0.944516595,256987.18,168962.8,10331.68,105.1,77587.61
New Orleans/Mobile,Weekly,2024-12-01,Conventional,0.944516595,256987.18,168962.8,10331.68,105.1,77587.61
New Orleans/Mobile,Weekly,2024-12-08,Conventional,0.944516595,256987.18,168962.8,10331.68,105.1,77587.61
New Orleans/Mobile,Weekly,2024-12-15,Conventional,0.944516595,256987.18,168962.8,10331.68,105.1,77587.61
New Orleans/Mobile,Weekly,2024-12-22,Conventional,0.944516595,256987.18,168962.8,10331.68,105.1,77587.61
New Orleans/Mobile,Weekly,2024-12-29,Conventional,0.944516595,256987.18,168962.8,10331.68,105.1,77587.61
New Orleans/Mobile,Weekly,2024-11-10,Organic,1.423790306,15246.89,260.82,0.51,0.0,14985.56
New Orleans/Mobile,Weekly,2024-11-17,Organic,1.423790306,15246.89,260.82,0.51,0.0,14985.56
New Orleans/Mobile,Weekly,2024-11-24,Organic,1.423790306,15246.89,260.82,0.51,0.0,14985.56
New Orleans/Mobile,Weekly,2024-12-01,Organic,1.423790306,15246.89,260.82,0.51,0.0,14985.56
New Orleans/Mobile,Weekly,2024-12-08,Organic,1.423790306,15246.89,260.82,0.51,0.0,14985.56
New Orleans/Mobile,Weekly,2024-12-15,Organic,1.423790306,15246.89,260.82,0.51,0.0,14985.56
New Orleans/Mobile,Weekly,2024-12-22,Organic,1.423790306,15246.89,260.82,0.51,0.0,14985.56
New Orleans/Mobile,Weekly,2024-12-29,Organic,1.423790306,15246.89,260.82,0.51,0.0,14985.56
New York,Weekly,2024-11-10,Conventional,1.22923618,2384554.87,906690.76,746901.87,16451.91,714510.34
New York,Weekly,2024-11-17,Conventional,1.22923618,2384554.87,906690.76,746901.87,16451.91,714510.34
New York,Weekly,2024-11-24,Conventional,1.22923618,2384554.87,906690.76,746901.87,16451.91,714510.34
New York,Weekly,2024-12-01,Conventional,1.22923618,2384554.87,906690.76,746901.87,16451.91,714510.34
New York,Weekly,2024-12-08,Conventional,1.22923618,2384554.87,906690.76,746901.87,16451.91,714510.34
New York,Weekly,2024-12-15,Conventional,1.22923618,2384554.87,906690.76,746901.87,16451.91,714510.34
New York,Weekly,2024-12-22,Conventional,1.22923618,2384554.87,906690.76,746901.87,16451.91,714510.34
New York,Weekly,2024-12-29,Conventional,1.22923618,2384554.87,906690.76,746901.87,16451.91,714510.34
New York,Weekly,2024-11-10,Organic,1.644196824,136719.02,8581.2,11787.37,0.0,116350.45
New York,Weekly,2024-11-17,Organic,1.644196824,136719.02,8581.2,11787.37,0.0,116350.45
New York,Weekly,2024-11-24,Organic,1.644196824,136719.02,8581.2,11787.37,0.0,116350.45
New York,Weekly,2024-12-01,Organic,1.644196824,136719.02,8581.2,11787.37,0.0,116350.45
New York,Weekly,2024-12-08,Organic,1.644196824,136719.02,8581.2,11787.37,0.0,116350.45
New York,Weekly,2024-12-15,Organic,1.644196824,136719.02,8581.2,11787.37,0.0,116350.45
New York,Weekly,2024-12-22,Organic,1.644196824,136719.02,8581.2,11787.37,0.0,116350.45
New York,Weekly,2024-12-29,Organic,1.644196824,136719.02,8581.2,11787.37,0.0,116350.45
Northeast,Weekly,2024-11-10,Conventional,1.162403844,6156765.27,2473506.67,1705750.5,10468.08,1967040.02
Northeast,Weekly,2024-11-17,Conventional,1.162403844,6156765.27,2473506.67,1705750.5,10468.08,1967040.02
Northeast,Weekly,2024-11-24,Conventional,1.162403844,6156765.27,2473506.67,1705750.5,10468.08,1967040.02
Northeast,Weekly,2024-12-01,Conventional,1.162403844,6156765.27,2473506.67,1705750.5,10468.08,1967040.02
Northeast,Weekly,2024-12-08,Conventional,1.162403844,6156765.27,2473506.67,1705750.5,10468.08,1967040.02
Northeast,Weekly,2024-12-15,Conventional,1.162403844,6156765.27,2473506.67,1705750.5,10468.08,1967040.02
Northeast,Weekly,2024-12-22,Conventional,1.162403844,6156765.27,2473506.67,1705750.5,10468.08,1967040.02
Northeast,Weekly,2024-12-29,Conventional,1.162403844,6156765.27,2473506.67,1705750.5,10468.08,1967040.02
Northeast,Weekly,2024-11-10,Organic,1.594029014,376232.86,20627.27,18763.85,0.0,336841.75
Northeast,Weekly,2024-11-17,Organic,1.594029014,376232.86,20627.27,18763.85,0.0,336841.75
Northeast,Weekly,2024-11-24,Organic,1.594029014,376232.86,20627.27,18763.85,0.0,336841.75
Northeast,Weekly,2024-12-01,Organic,1.594029014,376232.86,20627.27,18763.85,0.0,336841.75
Northeast,Weekly,2024-12-08,Organic,1.594029014,376232.86,20627.27,18763.85,0.0,336841.75
Northeast,Weekly,2024-12-15,Organic,1.594029014,376232.86,20627.27,18763.85,0.0,336841.75
Northeast,Weekly,2024-12-22,Organic,1.594029014,376232.86,20627.27,18763.85,0.0,336841.75
Northeast,Weekly,2024-12-29,Organic,1.594029014,376232.86,20627.27,18763.85,0.0,336841.75
Northern New England,Weekly,2024-11-10,Conventional,1.159764161,458249.14,235196.3,149104.36,256.44,73692.05
Northern New England,Weekly,2024-11-17,Conventional,1.159764161,458249.14,235196.3,149104.36,256.44,73692.05
Northern New England,Weekly,2024-11-24,Conventional,1.159764161,458249.14,235196.3,149104.36,256.44,73692.05
Northern New England,Weekly,2024-12-01,Conventional,1.159764161,458249.14,235196.3,149104.36,256.44,73692.05
Northern New England,Weekly,2024-12-08,Conventional,1.159764161,458249.14,235196.3,149104.36,256.44,73692.05
Northern New England,Weekly,2024-12-15,Conventional,1.159764161,458249.14,235196.3,149104.36,256.44,73692.05
Northern New England,Weekly,2024-12-22,Conventional,1.159764161,458249.14,235196.3,149104.36,256.44,73692.05
Northern New England,Weekly,2024-12-29,Conventional,1.159764161,458249.14,235196.3,149104.36,256.44,73692.05
Northern New England,Weekly,2024-11-10,Organic,1.838968838,16828.49,1722.76,139.08,0.0,14966.65
Northern New England,Weekly,2024-11-17,Organic,1.838968838,16828.49,1722.76,139.08,0.0,14966.65
Northern New England,Weekly,2024-11-24,Organic,1.838968838,16828.49,1722.76,139.08,0.0,14966.65
Northern New England,Weekly,2024-12-01,Organic,1.838968838,16828.49,1722.76,139.08,0.0,14966.65
Northern New England,Weekly,2024-12-08,Organic,1.838968838,16828.49,1722.76,139.08,0.0,14966.65
Northern New England,Weekly,2024-12-15,Organic,1.838968838,16828.49,1722.76,139.08,0.0,14966.65
Northern New England,Weekly,2024-12-22,Organic,1.838968838,16828.49,1722.76,139.08,0.0,14966.65
Northern New England,Weekly,2024-12-29,Organic,1.838968838,16828.49,1722.76,139.08,0.0,14966.65
Orlando,Weekly,2024-11-10,Conventional,1.014591216,802126.6,423675.95,25119.48,66.38,353264.79
Orlando,Weekly,2024-11-17,Conventional,1.014591216,802126.6,423675.95,25119.48,66.38,353264.79
Orlando,Weekly,2024-11-24,Conventional,1.014591216,802126.6,423675.95,25119.48,66.38,353264.79
Orlando,Weekly,2024-12-01,Conventional,1.014591216,802126.6,423675.95,25119.48,66.38,353264.79
Orlando,Weekly,2024-12-08,Conventional,1.014591216,802126.6,423675.95,25119.48,66.38,353264.79
Orlando,Weekly,2024-12-15,Conventional,1.014591216,802126.6,423675.95,25119.48,66.38,353264.79
Orlando,Weekly,2024-12-22,Conventional,1.014591216,802126.6,423675.95,25119.48,66.38,353264.79
Orlando,Weekly,2024-12-29,Conventional,1.014591216,802126.6,423675.95,25119.48,66.38,353264.79
Orlando,Weekly,2024-11-10,Organic,1.679519715,38207.34,208.66,204.54,0.0,37794.14
Orlando,Weekly,2024-11-17,Organic,1.679519715,38207.34,208.66,204.54,0.0,37794.14
Orlando,Weekly,2024-11-24,Organic,1.679519715,38207.34,208.66,204.54,0.0,37794.14
Orlando,Weekly,2024-12-01,Organic,1.679519715,38207.34,208.66,204.54,0.0,37794.14
Orlando,Weekly,2024-12-08,Organic,1.679519715,38207.34,208.66,204.54,0.0,37794.14
Orlando,Weekly,2024-12-15,Organic,1.679519715,38207.34,208.66,204.54,0.0,37794.14
Orlando,Weekly,2024-12-22,Organic,1.679519715,38207.34,208.66,204.54,0.0,37794.14
Orlando,Weekly,2024-12-29,Organic,1.679519715,38207.34,208.66,204.54,0.0,37794.14
Peoria/Springfield,Weekly,2024-11-10,Conventional,1.016882938,163907.25,99739.28,16774.77,1112.46,46280.74
Peoria/Springfield,Weekly,2024-11-17,Conventional,1.016882938,163907.25,99739.28,16774.77,1112.46,46280.74
Peoria/Springfield,Weekly,2024-11-24,Conventional,1.016882938,163907.25,99739.28,16774.77,1112.46,46280.74
Peoria/Springfield,Weekly,2024-12-01,Conventional,1.016882938,163907.25,99739.28,16774.77,1112.46,46280.74
Peoria/Springfield,Weekly,2024-12-08,Conventional,1.016882938,163907.25,99739.28,16774.77,1112.46,46280.74
Peoria/Springfield,Weekly,2024-12-15,Conventional,1.016882938,163907.25,99739.28,16774.77,1112.46,46280.74
Peoria/Springfield,Weekly,2024-12-22,Conventional,1.016882938,163907.25,99739.28,16774.77,1112.46,46280.74
Peoria/Springfield,Weekly,2024-12-29,Conventional,1.016882938,163907.25,99739.28,16774.77,1112.46,46280.74
Peoria/Springfield,Weekly,2024-11-10,Organic,1.560666932,7312.04,160.95,1131.66,0.0,6019.43
Peoria/Springfield,Weekly,2024-11-17,Organic,1.560666932,7312.04,160.95,1131.66,0.0,6019.43
Peoria/Springfield,Weekly,2024-11-24,Organic,1.560666932,7312.04,160.95,1131.66,0.0,6019.43
Peoria/Springfield,Weekly,2024-12-01,Organic,1.560666932,7312.04,160.95,1131.66,0.0,6019.43
Peoria/Springfield,Weekly,2024-12-08,Organic,1.560666932,7312.04,160.95,1131.66,0.0,6019.43
Peoria/Springfield,Weekly,2024-12-15,Organic,1.560666932,7312.04,160.95,1131.66,0.0,6019.43
Peoria/Springfield,Weekly,2024-12-22,Organic,1.560666932,7312.04,160.95,1131.66,0.0,6019.43
Peoria/Springfield,Weekly,2024-12-29,Organic,1.560666932,7312.04,160.95,1131.66,0.0,6019.43
Philadelphia,Weekly,2024-11-10,Conventional,1.126119009,684934.0,281773.29,119867.93,1175.3,282117.48
Philadelphia,Weekly,2024-11-17,Conventional,1.126119009,684934.0,281773.29,119867.93,1175.3,282117.48
Philadelphia,Weekly,2024-11-24,Conventional,1.126119009,684934.0,281773.29,119867.93,1175.3,282117.48
Philadelphia,Weekly,2024-12-01,Conventional,1.126119009,684934.0,281773.29,119867.93,1175.3,282117.48
Philadelphia,Weekly,2024-12-08,Conventional,1.126119009,684934.0,281773.29,119867.93,1175.3,282117.48
Philadelphia,Weekly,2024-12-15,Conventional,1.126119009,684934.0,281773.29,119867.93,1175.3,282117.48
Philadelphia,Weekly,2024-12-22,Conventional,1.126119009,684934.0,281773.29,119867.93,1175.3,282117.48
Philadelphia,Weekly,2024-12-29,Conventional,1.126119009,684934.0,281773.29,119867.93,1175.3,282117.48
Philadelphia,Weekly,2024-11-10,Organic,1.541763728,46743.14,2627.86,3588.67,0.0,40526.61
Philadelphia,Weekly,2024-11-17,Organic,1.541763728,46743.14,2627.86,3588.67,0.0,40526.61
Philadelphia,Weekly,2024-11-24,Organic,1.541763728,46743.14,2627.86,3588.67,0.0,40526.61
Philadelphia,Weekly,2024-12-01,Organic,1.541763728,46743.14,2627.86,3588.67,0.0,40526.61
Philadelphia,Weekly,2024-12-08,Organic,1.541763728,46743.14,2627.86,3588.67,0.0,40526.61
Philadelphia,Weekly,2024-12-15,Organic,1.541763728,46743.14,2627.86,3588.67,0.0,40526.61
Philadelphia,Weekly,2024-12-22,Organic,1.541763728,46743.14,2627.86,3588.67,0.0,40526.61
Philadelphia,Weekly,2024-12-29,Organic,1.541763728,46743.14,2627.86,3588.67,0.0,40526.61
Phoenix/Tucson,Weekly,2024-11-10,Conventional,1.239158237,1118914.0,622855.28,274435.55,14600.82,207022.35
Phoenix/Tucson,Weekly,2024-11-17,Conventional,1.239158237,1118914.0,622855.28,274435.55,14600.82,207022.35
Phoenix/Tucson,Weekly,2024-11-24,Conventional,1.239158237,1118914.0,622855.28,274435.55,14600.82,207022.35
Phoenix/Tucson,Weekly,2024-12-01,Conventional,1.239158237,1118914.0,622855.28,274435.55,14600.82,207022.35
Phoenix/Tucson,Weekly,2024-12-08,Conventional,1.239158237,1118914.0,622855.28,274435.55,14600.82,207022.35
Phoenix/Tucson,Weekly,2024-12-15,Conventional,1.239158237,1118914.0,622855.28,274435.55,14600.82,207022.35
Phoenix/Tucson,Weekly,2024-12-22,Conventional,1.239158237,1118914.0,622855.28,274435.55,14600.82,207022.35
Phoenix/Tucson,Weekly,2024-12-29,Conventional,1.239158237,1118914.0,622855.28,274435.55,14600.82,207022.35
Phoenix/Tucson,Weekly,2024-11-10,Organic,1.441789278,44914.01,13053.92,5399.51,0.0,26460.58
Phoenix/Tucson,Weekly,2024-11-17,Organic,1.441789278,44914.01,13053.92,5399.51,0.0,26460.58
Phoenix/Tucson,Weekly,2024-11-24,Organic,1.441789278,44914.01,13053.92,5399.51,0.0,26460.58
Phoenix/Tucson,Weekly,2024-12-01,Organic,1.441789278,44914.01,13053.92,5399.51,0.0,26460.58
Phoenix/Tucson,Weekly,2024-12-08,Organic,1.441789278,44914.01,13053.92,5399.51,0.0,26460.58
Phoenix/Tucson,Weekly,2024-12-15,Organic,1.441789278,44914.01,13053.92,5399.51,0.0,26460.58
Phoenix/Tucson,Weekly,2024-12-22,Organic,1.441789278,44914.01,13053.92,5399.51,0.0,26460.58
Phoenix/Tucson,Weekly,2024-12-29,Organic,1.441789278,44914.01,13053.92,5399.51,0.0,26460.58
Pittsburgh,Weekly,2024-11-10,Conventional,0.962963724,243079.12,148234.43,20725.17,4.86,74114.67
Pittsburgh,Weekly,2024-11-17,Conventional,0.962963724,243079.12,148234.43,20725.17,4.86,74114.67
Pittsburgh,Weekly,2024-11-24,Conventional,0.962963724,243079.12,148234.43,20725.17,4.86,74114.67
Pittsburgh,Weekly,2024-12-01,Conventional,0.962963724,243079.12,148234.43,20725.17,4.86,74114.67
Pittsburgh,Weekly,2024-12-08,Conventional,0.962963724,243079.12,148234.43,20725.17,4.86,74114.67
Pittsburgh,Weekly,2024-12-15,Conventional,0.962963724,243079.12,148234.43,20725.17,4.86,74114.67
Pittsburgh,Weekly,2024-12-22,Conventional,0.962963724,243079.12,148234.43,20725.17,4.86,74114.67
Pittsburgh,Weekly,2024-12-29,Conventional,0.962963724,243079.12,148234.43,20725.17,4.86,74114.67
Pittsburgh,Weekly,2024-11-10,Organic,1.487815754,11363.87,1262.35,1.98,0.0,10099.54
Pittsburgh,Weekly,2024-11-17,Organic,1.487815754,11363.87,1262.35,1.98,0.0,10099.54
Pittsburgh,Weekly,2024-11-24,Organic,1.487815754,11363.87,1262.35,1.98,0.0,10099.54
Pittsburgh,Weekly,2024-12-01,Organic,1.487815754,11363.87,1262.35,1.98,0.0,10099.54
Pittsburgh,Weekly,2024-12-08,Organic,1.487815754,11363.87,1262.35,1.98,0.0,10099.54
Pittsburgh,Weekly,2024-12-15,Organic,1.487815754,11363.87,1262.35,1.98,0.0,10099.54
Pittsburgh,Weekly,2024-12-22,Organic,1.487815754,11363.87,1262.35,1.98,0.0,10099.54
Pittsburgh,Weekly,2024-12-29,Organic,1.487815754,11363.87,1262.35,1.98,0.0,10099.54
Plains,Weekly,2024-11-10,Conventional,1.067485931,2399822.89,1336609.63,268158.9,3088.97,791965.39
Plains,Weekly,2024-11-17,Conventional,1.067485931,2399822.89,1336609.63,268158.9,3088.97,791965.39
Plains,Weekly,2024-11-24,Conventional,1.067485931,2399822.89,1336609.63,268158.9,3088.97,791965.39
Plains,Weekly,2024-12-01,Conventional,1.067485931,2399822.89,1336609.63,268158.9,3088.97,791965.39
Plains,Weekly,2024-12-08,Conventional,1.067485931,2399822.89,1336609.63,268158.9,3088.97,791965.39
Plains,Weekly,2024-12-15,Conventional,1.067485931,2399822.89,1336609.63,268158.9,3088.97,791965.39
Plains,Weekly,2024-12-22,Conventional,1.067485931,2399822.89,1336609.63,268158.9,3088.97,791965.39
Plains,Weekly,2024-12-29,Conventional,1.067485931,2399822.89,1336609.63,268158.9,3088.97,791965.39
Plains,Weekly,2024-11-10,Organic,1.493130484,111909.03,9730.08,4199.77,0.0,97979.18
Plains,Weekly,2024-11-17,Organic,1.493130484,111909.03,9730.08,4199.77,0.0,97979.18
Plains,Weekly,2024-11-24,Organic,1.493130484,111909.03,9730.08,4199.77,0.0,97979.18
Plains,Weekly,2024-12-01,Organic,1.493130484,111909.03,9730.08,4199.77,0.0,97979.18
Plains,Weekly,2024-12-08,Organic,1.493130484,111909.03,9730.08,4199.77,0.0,97979.18
Plains,Weekly,2024-12-15,Organic,1.493130484,111909.03,9730.08,4199.77,0.0,97979.18
Plains,Weekly,2024-12-22,Organic,1.493130484,111909.03,9730.08,4199.77,0.0,97979.18
Plains,Weekly,2024-12-29,Organic,1.493130484,111909.03,9730.08,4199.77,0.0,97979.18
Portland,Weekly,2024-11-10,Conventional,1.269985422,579110.53,325380.81,160703.07,15811.25,77215.4
Portland,Weekly,2024-11-17,Conventional,1.269985422,579110.53,325380.81,160703.07,15811.25,77215.4
Portland,Weekly,2024-11-24,Conventional,1.269985422,579110.53,325380.81,160703.07,15811.25,77215.4
Portland,Weekly,2024-12-01,Conventional,1.269985422,579110.53,325380.81,160703.07,15811.25,77215.4
Portland,Weekly,2024-12-08,Conventional,1.269985422,579110.53,325380.81,160703.07,15811.25,77215.4
Portland,Weekly,2024-12-15,Conventional,1.269985422,579110.53,325380.81,160703.07,15811.25,77215.4
Portland,Weekly,2024-12-22,Conventional,1.269985422,579110.53,325380.81,160703.07,15811.25,77215.4
Portland,Weekly,2024-12-29,Conventional,1.269985422,579110.53,325380.81,160703.07,15811.25,77215.4
Portland,Weekly,2024-11-10,Organic,2.373588505,37999.44,3734.87,21074.83,0.0,13189.74
Portland,Weekly,2024-11-17,Organic,2.373588505,37999.44,3734.87,21074.83,0.0,13189.74
Portland,Weekly,2024-11-24,Organic,2.373588505,37999.44,3734.87,21074.83,0.0,13189.74
Portland,Weekly,2024-12-01,Organic,2.373588505,37999.44,3734.87,21074.83,0.0,13189.74
Portland,Weekly,2024-12-08,Organic,2.373588505,37999.44,3734.87,21074.83,0.0,13189.74
Portland,Weekly,2024-12-15,Organic,2.373588505,37999.44,3734.87,21074.83,0.0,13189.74
Portland,Weekly,2024-12-22,Organic,2.373588505,37999.44,3734.87,21074.83,0.0,13189.74
Portland,Weekly,2024-12-29,Organic,2.373588505,37999.44,3734.87,21074.83,0.0,13189.74
Providence,Weekly,2024-11-10,Conventional,1.021992035,126441.59,69964.03,31670.35,9.45,24797.76
Providence,Weekly,2024-11-17,Conventional,1.021992035,126441.59,69964.03,31670.35,9.45,24797.76
Providence,Weekly,2024-11-24,Conventional,1.021992035,126441.59,69964.03,31670.35,9.45,24797.76
Providence,Weekly,2024-12-01,Conventional,1.021992035,126441.59,69964.03,31670.35,9.45,24797.76
Providence,Weekly,2024-12-08,Conventional,1.021992035,126441.59,69964.03,31670.35,9.45,24797.76
Providence,Weekly,2024-12-15,Conventional,1.021992035,126441.59,69964.03,31670.35,9.45,24797.76
Providence,Weekly,2024-12-22,Conventional,1.021992035,126441.59,69964.03,31670.35,9.45,24797.76
Providence,Weekly,2024-12-29,Conventional,1.021992035,126441.59,69964.03,31670.35,9.45,24797.76
Providence,Weekly,2024-11-10,Organic,1.402940857,7788.86,16.25,0.0,0.0,7772.61
Providence,Weekly,2024-11-17,Organic,1.402940857,7788.86,16.25,0.0,0.0,7772.61
Providence,Weekly,2024-11-24,Organic,1.402940857,7788.86,16.25,0.0,0.0,7772.61
Providence,Weekly,2024-12-01,Organic,1.402940857,7788.86,16.25,0.0,0.0,7772.61
Providence,Weekly,2024-12-08,Organic,1.402940857,7788.86,16.25,0.0,0.0,7772.61
Providence,Weekly,2024-12-15,Organic,1.402940857,7788.86,16.25,0.0,0.0,7772.61
Providence,Weekly,2024-12-22,Organic,1.402940857,7788.86,16.25,0.0,0.0,7772.61
Providence,Weekly,2024-12-29,Organic,1.402940857,7788.86,16.25,0.0,0.0,7772.61
Raleigh/Greensboro,Weekly,2024-11-10,Conventional,1.160521194,485026.44,223688.95,62147.43,179.73,199010.33
Raleigh/Greensboro,Weekly,2024-11-17,Conventional,1.160521194,485026.44,223688.95,62147.43,179.73,199010.33
Raleigh/Greensboro,Weekly,2024-11-24,Conventional,1.160521194,485026.44,223688.95,62147.43,179.73,199010.33
Raleigh/Greensboro,Weekly,2024-12-01,Conventional,1.160521194,485026.44,223688.95,62147.43,179.73,199010.33
Raleigh/Greensboro,Weekly,2024-12-08,Conventional,1.160521194,485026.44,223688.95,62147.43,179.73,199010.33
Raleigh/Greensboro,Weekly,2024-12-15,Conventional,1.160521194,485026.44,223688.95,62147.43,179.73,199010.33
Raleigh/Greensboro,Weekly,2024-12-22,Conventional,1.160521194,485026.44,223688.95,62147.43,179.73,199010.33
Raleigh/Greensboro,Weekly,2024-12-29,Conventional,1.160521194,485026.44,223688.95,62147.43,179.73,199010.33
Raleigh/Greensboro,Weekly,2024-11-10,Organic,1.429699991,51743.54,414.32,1999.33,0.0,49329.89
Raleigh/Greensboro,Weekly,2024-11-17,Organic,1.429699991,51743.54,414.32,1999.33,0.0,49329.89
Raleigh/Greensboro,Weekly,2024-11-24,Organic,1.429699991,51743.54,414.32,1999.33,0.0,49329.89
Raleigh/Greensboro,Weekly,2024-12-01,Organic,1.429699991,51743.54,414.32,1999.33,0.0,49329.89
Raleigh/Greensboro,Weekly,2024-12-08,Organic,1.429699991,51743.54,414.32,1999.33,0.0,49329.89
Raleigh/Greensboro,Weekly,2024-12-15,Organic,1.429699991,51743.54,414.32,1999.33,0.0,49329.89
Raleigh/Greensboro,Weekly,2024-12-22,Organic,1.429699991,51743.54,414.32,1999.33,0.0,49329.89
Raleigh/Greensboro,Weekly,2024-12-29,Organic,1.429699991,51743.54,414.32,1999.33,0.0,49329.89
Richmond/Norfolk,Weekly,2024-11-10,Conventional,1.204446519,324896.16,169026.01,49981.68,119.41,105769.06
Richmond/Norfolk,Weekly,2024-11-17,Conventional,1.204446519,324896.16,169026.01,49981.68,119.41,105769.06
Richmond/Norfolk,Weekly,2024-11-24,Conventional,1.204446519,324896.16,169026.01,49981.68,119.41,105769.06
Richmond/Norfolk,Weekly,2024-12-01,Conventional,1.204446519,324896.16,169026.01,49981.68,119.41,105769.06
Richmond/Norfolk,Weekly,2024-12-08,Conventional,1.204446519,324896.16,169026.01,49981.68,119.41,105769.06
Richmond/Norfolk,Weekly,2024-12-15,Conventional,1.204446519,324896.16,169026.01,49981.68,119.41,105769.06
Richmond/Norfolk,Weekly,2024-12-22,Conventional,1.204446519,324896.16,169026.01,49981.68,119.41,105769.06
Richmond/Norfolk,Weekly,2024-12-29,Conventional,1.204446519,324896.16,169026.01,49981.68,119.41,105769.06
Richmond/Norfolk,Weekly,2024-11-10,Organic,1.516384294,30626.73,97.96,2999.3,0.0,27529.47
Richmond/Norfolk,Weekly,2024-11-17,Organic,1.516384294,30626.73,97.96,2999.3,0.0,27529.47
Richmond/Norfolk,Weekly,2024-11-24,Organic,1.516384294,30626.73,97.96,2999.3,0.0,27529.47
Richmond/Norfolk,Weekly,2024-12-01,Organic,1.516384294,30626.73,97.96,2999.3,0.0,27529.47
Richmond/Norfolk,Weekly,2024-12-08,Organic,1.516384294,30626.73,97.96,2999.3,0.0,27529.47
Richmond/Norfolk,Weekly,2024-12-15,Organic,1.516384294,30626.73,97.96,2999.3,0.0,27529.47
Richmond/Norfolk,Weekly,2024-12-22,Organic,1.516384294,30626.73,97.96,2999.3,0.0,27529.47
Richmond/Norfolk,Weekly,2024-12-29,Organic,1.516384294,30626.73,97.96,2999.3,0.0,27529.47
Roanoke,Weekly,2024-11-10,Conventional,1.209820811,200189.35,109415.92,28058.9,15.93,62698.61
Roanoke,Weekly,2024-11-17,Conventional,1.209820811,200189.35,109415.92,28058.9,15.93,62698.61
Roanoke,Weekly,2024-11-24,Conventional,1.209820811,200189.35,109415.92,28058.9,15.93,62698.61
Roanoke,Weekly,2024-12-01,Conventional,1.209820811,200189.35,109415.92,28058.9,15.93,62698.61
Roanoke,Weekly,2024-12-08,Conventional,1.209820811,200189.35,109415.92,28058.9,15.93,62698.61
Roanoke,Weekly,2024-12-15,Conventional,1.209820811,200189.35,109415.92,28058.9,15.93,62698.61
Roanoke,Weekly,2024-12-22,Conventional,1.209820811,200189.35,109415.92,28058.9,15.93,62698.61
Roanoke,Weekly,2024-12-29,Conventional,1.209820811,200189.35,109415.92,28058.9,15.93,62698.61
Roanoke,Weekly,2024-11-10,Organic,1.694046698,16652.25,24.19,2721.35,0.0,13906.71
Roanoke,Weekly,2024-11-17,Organic,1.694046698,16652.25,24.19,2721.35,0.0,13906.71
Roanoke,Weekly,2024-11-24,Organic,1.694046698,16652.25,24.19,2721.35,0.0,13906.71
Roanoke,Weekly,2024-12-01,Organic,1.694046698,16652.25,24.19,2721.35,0.0,13906.71
Roanoke,Weekly,2024-12-08,Organic,1.694046698,16652.25,24.19,2721.35,0.0,13906.71
Roanoke,Weekly,2024-12-15,Organic,1.694046698,16652.25,24.19,2721.35,0.0,13906.71
Roanoke,Weekly,2024-12-22,Organic,1.694046698,16652.25,24.19,2721.35,0.0,13906.71
Roanoke,Weekly,2024-12-29,Organic,1.694046698,16652.25,24.19,2721.35,0.0,13906.71
Sacramento,Weekly,2024-11-10,Conventional,1.416427193,403318.63,245409.82,59582.46,4092.97,94233.38
Sacramento,Weekly,2024-11-17,Conventional,1.416427193,403318.63,245409.82,59582.46,4092.97,94233.38
Sacramento,Weekly,2024-11-24,Conventional,1.416427193,403318.63,245409.82,59582.46,4092.97,94233.38
Sacramento,Weekly,2024-12-01,Conventional,1.416427193,403318.63,245409.82,59582.46,4092.97,94233.38
Sacramento,Weekly,2024-12-08,Conventional,1.416427193,403318.63,245409.82,59582.46,4092.97,94233.38
Sacramento,Weekly,2024-12-15,Conventional,1.416427193,403318.63,245409.82,59582.46,4092.97,94233.38
Sacramento,Weekly,2024-12-22,Conventional,1.416427193,403318.63,245409.82,59582.46,4092.97,94233.38
Sacramento,Weekly,2024-12-29,Conventional,1.416427193,403318.63,245409.82,59582.46,4092.97,94233.38
Sacramento,Weekly,2024-11-10,Organic,1.960830479,13746.48,3758.52,988.03,0.0,8999.93
Sacramento,Weekly,2024-11-17,Organic,1.960830479,13746.48,3758.52,988.03,0.0,8999.93
Sacramento,Weekly,2024-11-24,Organic,1.960830479,13746.48,3758.52,988.03,0.0,8999.93
Sacramento,Weekly,2024-12-01,Organic,1.960830479,13746.48,3758.52,988.03,0.0,8999.93
Sacramento,Weekly,2024-12-08,Organic,1.960830479,13746.48,3758.52,988.03,0.0,8999.93
Sacramento,Weekly,2024-12-15,Organic,1.960830479,13746.48,3758.52,988.03,0.0,8999.93
Sacramento,Weekly,2024-12-22,Organic,1.960830479,13746.48,3758.52,988.03,0.0,8999.93
Sacramento,Weekly,2024-12-29,Organic,1.960830479,13746.48,3758.52,988.03,0.0,8999.93
San Diego,Weekly,2024-11-10,Conventional,1.247688656,561156.76,337064.91,35676.42,42564.27,145851.16
San Diego,Weekly,2024-11-17,Conventional,1.247688656,561156.76,337064.91,35676.42,42564.27,145851.16
San Diego,Weekly,2024-11-24,Conventional,1.247688656,561156.76,337064.91,35676.42,42564.27,145851.16
San Diego,Weekly,2024-12-01,Conventional,1.247688656,561156.76,337064.91,35676.42,42564.27,145851.16
San Diego,Weekly,2024-12-08,Conventional,1.247688656,561156.76,337064.91,35676.42,42564.27,145851.16
San Diego,Weekly,2024-12-15,Conventional,1.247688656,561156.76,337064.91,35676.42,42564.27,145851.16
San Diego,Weekly,2024-12-22,Conventional,1.247688656,561156.76,337064.91,35676.42,42564.27,145851.16
San Diego,Weekly,2024-12-29,Conventional,1.247688656,561156.76,337064.91,35676.42,42564.27,145851.16
San Diego,Weekly,2024-11-10,Organic,2.069836603,27247.81,12875.69,2036.26,0.0,12335.87
San Diego,Weekly,2024-11-17,Organic,2.069836603,27247.81,12875.69,2036.26,0.0,12335.87
San Diego,Weekly,2024-11-24,Organic,2.069836603,27247.81,12875.69,2036.26,0.0,12335.87
San Diego,Weekly,2024-12-01,Organic,2.069836603,27247.81,12875.69,2036.26,0.0,12335.87
San Diego,Weekly,2024-12-08,Organic,2.069836603,27247.81,12875.69,2036.26,0.0,12335.87
San Diego,Weekly,2024-12-15,Organic,2.069836603,27247.81,12875.69,2036.26,0.0,12335.87
San Diego,Weekly,2024-12-22,Organic,2.069836603,27247.81,12875.69,2036.26,0.0,12335.87
San Diego,Weekly,2024-12-29,Organic,2.069836603,27247.81,12875.69,2036.26,0.0,12335.87
San Francisco,Weekly,2024-11-10,Conventional,1.518902633,623654.61,452958.11,38837.95,5093.36,126765.19
San Francisco,Weekly,2024-11-17,Conventional,1.518902633,623654.61,452958.11,38837.95,5093.36,126765.19
San Francisco,Weekly,2024-11-24,Conventional,1.518902633,623654.61,452958.11,38837.95,5093.36,126765.19
San Francisco,Weekly,2024-12-01,Conventional,1.518902633,623654.61,452958.11,38837.95,5093.36,126765.19
San Francisco,Weekly,2024-12-08,Conventional,1.518902633,623654.61,452958.11,38837.95,5093.36,126765.19
San Francisco,Weekly,2024-12-15,Conventional,1.518902633,623654.61,452958.11,38837.95,5093.36,126765.19
San Francisco,Weekly,2024-12-22,Conventional,1.518902633,623654.61,452958.11,38837.95,5093.36,126765.19
San Francisco,Weekly,2024-12-29,Conventional,1.518902633,623654.61,452958.11,38837.95,5093.36,126765.19
San Francisco,Weekly,2024-11-10,Organic,1.946711563,52825.57,18976.53,2557.77,0.0,31291.26
San Francisco,Weekly,2024-11-17,Organic,1.946711563,52825.57,18976.53,2557.77,0.0,31291.26
San Francisco,Weekly,2024-11-24,Organic,1.946711563,52825.57,18976.53,2557.77,0.0,31291.26
San Francisco,Weekly,2024-12-01,Organic,1.946711563,52825.57,18976.53,2557.77,0.0,31291.26
San Francisco,Weekly,2024-12-08,Organic,1.946711563,52825.57,18976.53,2557.77,0.0,31291.26
San Francisco,Weekly,2024-12-15,Organic,1.946711563,52825.57,18976.53,2557.77,0.0,31291.26
San Francisco,Weekly,2024-12-22,Organic,1.946711563,52825.57,18976.53,2557.77,0.0,31291.26
San Francisco,Weekly,2024-12-29,Organic,1.946711563,52825.57,18976.53,2557.77,0.0,31291.26
Seattle,Weekly,2024-11-10,Conventional,1.57317228,516712.79,274277.28,156390.26,2021.92,84023.33
Seattle,Weekly,2024-11-17,Conventional,1.57317228,516712.79,274277.28,156390.26,2021.92,84023.33
Seattle,Weekly,2024-11-24,Conventional,1.57317228,516712.79,274277.28,156390.26,2021.92,84023.33
Seattle,Weekly,2024-12-01,Conventional,1.57317228,516712.79,274277.28,156390.26,2021.92,84023.33
Seattle,Weekly,2024-12-08,Conventional,1.57317228,516712.79,274277.28,156390.26,2021.92,84023.33
Seattle,Weekly,2024-12-15,Conventional,1.57317228,516712.79,274277.28,156390.26,2021.92,84023.33
Seattle,Weekly,2024-12-22,Conventional,1.57317228,516712.79,274277.28,156390.26,2021.92,84023.33
Seattle,Weekly,2024-12-29,Conventional,1.57317228,516712.79,274277.28,156390.26,2021.92,84023.33
Seattle,Weekly,2024-11-10,Organic,2.748388454,66906.29,3858.32,49296.12,22.97,13728.88
Seattle,Weekly,2024-11-17,Organic,2.748388454,66906.29,3858.32,49296.12,22.97,13728.88
Seattle,Weekly,2024-11-24,Organic,2.748388454,66906.29,3858.32,49296.12,22.97,13728.88
Seattle,Weekly,2024-12-01,Organic,2.748388454,66906.29,3858.32,49296.12,22.97,13728.88
Seattle,Weekly,2024-12-08,Organic,2.748388454,66906.29,3858.32,49296.12,22.97,13728.88
Seattle,Weekly,2024-12-15,Organic,2.748388454,66906.29,3858.32,49296.12,22.97,13728.88
Seattle,Weekly,2024-12-22,Organic,2.748388454,66906.29,3858.32,49296.12,22.97,13728.88
Seattle,Weekly,2024-12-29,Organic,2.748388454,66906.29,3858.32,49296.12,22.97,13728.88
South Carolina,Weekly,2024-11-10,Conventional,1.139869434,634931.81,335956.71,74610.45,87.47,224277.18
South Carolina,Weekly,2024-11-17,Conventional,1.139869434,634931.81,335956.71,74610.45,87.47,224277.18
South Carolina,Weekly,2024-11-24,Conventional,1.139869434,634931.81,335956.71,74610.45,87.47,224277.18
South Carolina,Weekly,2024-12-01,Conventional,1.139869434,634931.81,335956.71,74610.45,87.47,224277.18
South Carolina,Weekly,2024-12-08,Conventional,1.139869434,634931.81,335956.71,74610.45,87.47,224277.18
South Carolina,Weekly,2024-12-15,Conventional,1.139869434,634931.81,335956.71,74610.45,87.47,224277.18
South Carolina,Weekly,2024-12-22,Conventional,1.139869434,634931.81,335956.71,74610.45,87.47,224277.18
South Carolina,Weekly,2024-12-29,Conventional,1.139869434,634931.81,335956.71,74610.45,87.47,224277.18
South Carolina,Weekly,2024-11-10,Organic,1.559045459,47885.1,592.21,2448.04,0.0,44844.84
South Carolina,Weekly,2024-11-17,Organic,1.559045459,47885.1,592.21,2448.04,0.0,44844.84
South Carolina,Weekly,2024-11-24,Organic,1.559045459,47885.1,592.21,2448.04,0.0,44844.84
South Carolina,Weekly,2024-12-01,Organic,1.559045459,47885.1,592.21,2448.04,0.0,44844.84
South Carolina,Weekly,2024-12-08,Organic,1.559045459,47885.1,592.21,2448.04,0.0,44844.84
South Carolina,Weekly,2024-12-15,Organic,1.559045459,47885.1,592.21,2448.04,0.0,44844.84
South Carolina,Weekly,2024-12-22,Organic,1.559045459,47885.1,592.21,2448.04,0.0,44844.84
South Carolina,Weekly,2024-12-29,Organic,1.559045459,47885.1,592.21,2448.04,0.0,44844.84
South Central,Weekly,2024-11-10,Conventional,0.983973142,5458660.05,2948311.98,826195.57,9209.8,1674942.7
South Central,Weekly,2024-11-17,Conventional,0.983973142,5458660.05,2948311.98,826195.57,9209.8,1674942.7
South Central,Weekly,2024-11-24,Conventional,0.983973142,5458660.05,2948311.98,826195.57,9209.8,1674942.7
South Central,Weekly,2024-12-01,Conventional,0.983973142,5458660.05,2948311.98,826195.57,9209.8,1674942.7
South Central,Weekly,2024-12-08,Conventional,0.983973142,5458660.05,2948311.98,826195.57,9209.8,1674942.7
South Central,Weekly,2024-12-15,Conventional,0.983973142,5458660.05,2948311.98,826195.57,9209.8,1674942.7
South Central,Weekly,2024-12-22,Conventional,0.983973142,5458660.05,2948311.98,826195.57,9209.8,1674942.7
South Central,Weekly,2024-12-29,Conventional,0.983973142,5458660.05,2948311.98,826195.57,9209.8,1674942.7
South Central,Weekly,2024-11-10,Organic,1.44396434,195899.9,34038.99,4257.1,0.0,157603.81
South Central,Weekly,2024-11-17,Organic,1.44396434,195899.9,34038.99,4257.1,0.0,157603.81
South Central,Weekly,2024-11-24,Organic,1.44396434,195899.9,34038.99,4257.1,0.0,157603.81
South Central,Weekly,2024-12-01,Organic,1.44396434,195899.9,34038.99,4257.1,0.0,157603.81
South Central,Weekly,2024-12-08,Organic,1.44396434,195899.9,34038.99,4257.1,0.0,157603.81
South Central,Weekly,2024-12-15,Organic,1.44396434,195899.9,34038.99,4257.1,0.0,157603.81
South Central,Weekly,2024-12-22,Organic,1.44396434,195899.9,34038.99,4257.1,0.0,157603.81
South Central,Weekly,2024-12-29,Organic,1.44396434,195899.9,34038.99,4257.1,0.0,157603.81
Southeast,Weekly,2024-11-10,Conventional,1.07152251,6686234.21,3938493.52,321896.57,467.7,2425376.42
Southeast,Weekly,2024-11-17,Conventional,1.07152251,6686234.21,3938493.52,321896.57,467.7,2425376.42
Southeast,Weekly,2024-11-24,Conventional,1.07152251,6686234.21,3938493.52,321896.57,467.7,2425376.42
Southeast,Weekly,2024-12-01,Conventional,1.07152251,6686234.21,3938493.52,321896.57,467.7,2425376.42
Southeast,Weekly,2024-12-08,Conventional,1.07152251,6686234.21,3938493.52,321896.57,467.7,2425376.42
Southeast,Weekly,2024-12-15,Conventional,1.07152251,6686234.21,3938493.52,321896.57,467.7,2425376.42
Southeast,Weekly,2024-12-22,Conventional,1.07152251,6686234.21,3938493.52,321896.57,467.7,2425376.42
Southeast,Weekly,2024-12-29,Conventional,1.07152251,6686234.21,3938493.52,321896.57,467.7,2425376.42
Southeast,Weekly,2024-11-10,Organic,1.576663584,359243.61,1650.68,14879.6,0.0,342713.34
Southeast,Weekly,2024-11-17,Organic,1.576663584,359243.61,1650.68,14879.6,0.0,342713.34
Southeast,Weekly,2024-11-24,Organic,1.576663584,359243.61,1650.68,14879.6,0.0,342713.34
Southeast,Weekly,2024-12-01,Organic,1.576663584,359243.61,1650.68,14879.6,0.0,342713.34
Southeast,Weekly,2024-12-08,Organic,1.576663584,359243.61,1650.68,14879.6,0.0,342713.34
Southeast,Weekly,2024-12-15,Organic,1.576663584,359243.61,1650.68,14879.6,0.0,342713.34
Southeast,Weekly,2024-12-22,Organic,1.576663584,359243.61,1650.68,14879.6,0.0,342713.34
Southeast,Weekly,2024-12-29,Organic,1.576663584,359243.61,1650.68,14879.6,0.0,342713.34
Spokane,Weekly,2024-11-10,Conventional,1.282688854,84573.44,49682.03,19614.19,304.85,14972.37
Spokane,Weekly,2024-11-17,Conventional,1.282688854,84573.44,49682.03,19614.19,304.85,14972.37
Spokane,Weekly,2024-11-24,Conventional,1.282688854,84573.44,49682.03,19614.19,304.85,14972.37
Spokane,Weekly,2024-12-01,Conventional,1.282688854,84573.44,49682.03,19614.19,304.85,14972.37
Spokane,Weekly,2024-12-08,Conventional,1.282688854,84573.44,49682.03,19614.19,304.85,14972.37
Spokane,Weekly,2024-12-15,Conventional,1.282688854,84573.44,49682.03,19614.19,304.85,14972.37
Spokane,Weekly,2024-12-22,Conventional,1.282688854,84573.44,49682.03,19614.19,304.85,14972.37
Spokane,Weekly,2024-12-29,Conventional,1.282688854,84573.44,49682.03,19614.19,304.85,14972.37
Spokane,Weekly,2024-11-10,Organic,2.162295518,3544.97,41.27,1146.56,9.45,2347.69
Spokane,Weekly,2024-11-17,Organic,2.162295518,3544.97,41.27,1146.56,9.45,2347.69
Spokane,Weekly,2024-11-24,Organic,2.162295518,3544.97,41.27,1146.56,9.45,2347.69
Spokane,Weekly,2024-12-01,Organic,2.162295518,3544.97,41.27,1146.56,9.45,2347.69
Spokane,Weekly,2024-12-08,Organic,2.162295518,3544.97,41.27,1146.56,9.45,2347.69
Spokane,Weekly,2024-12-15,Organic,2.162295518,3544.97,41.27,1146.56,9.45,2347.69
Spokane,Weekly,2024-12-22,Organic,2.162295518,3544.97,41.27,1146.56,9.45,2347.69
Spokane,Weekly,2024-12-29,Organic,2.162295518,3544.97,41.27,1146.56,9.45,2347.69
St. Louis,Weekly,2024-11-10,Conventional,0.89770924,295891.45,190950.53,9643.21,38.77,95258.94
St. Louis,Weekly,2024-11-17,Conventional,0.89770924,295891.45,190950.53,9643.21,38.77,95258.94
St. Louis,Weekly,2024-11-24,Conventional,0.89770924,295891.45,190950.53,9643.21,38.77,95258.94
St. Louis,Weekly,2024-12-01,Conventional,0.89770924,295891.45,190950.53,9643.21,38.77,95258.94
St. Louis,Weekly,2024-12-08,Conventional,0.89770924,295891.45,190950.53,9643.21,38.77,95258.94
St. Louis,Weekly,2024-12-15,Conventional,0.89770924,295891.45,190950.53,9643.21,38.77,95258.94
St. Louis,Weekly,2024-12-22,Conventional,0.89770924,295891.45,190950.53,9643.21,38.77,95258.94
St. Louis,Weekly,2024-12-29,Conventional,0.89770924,295891.45,190950.53,9643.21,38.77,95258.94
St. Louis,Weekly,2024-11-10,Organic,1.466209848,18359.0,927.03,2180.15,0.0,15251.82
St. Louis,Weekly,2024-11-17,Organic,1.466209848,18359.0,927.03,2180.15,0.0,15251.82
St. Louis,Weekly,2024-11-24,Organic,1.466209848,18359.0,927.03,2180.15,0.0,15251.82
St. Louis,Weekly,2024-12-01,Organic,1.466209848,18359.0,927.03,2180.15,0.0,15251.82
St. Louis,Weekly,2024-12-08,Organic,1.466209848,18359.0,927.03,2180.15,0.0,15251.82
St. Louis,Weekly,2024-12-15,Organic,1.466209848,18359.0,927.03,2180.15,0.0,15251.82
St. Louis,Weekly,2024-12-22,Organic,1.466209848,18359.0,927.03,2180.15,0.0,15251.82
St. Louis,Weekly,2024-12-29,Organic,1.466209848,18359.0,927.03,2180.15,0.0,15251.82
Syracuse,Weekly,2024-11-10,Conventional,1.047103669,115253.98,46711.1,24118.38,388.08,44036.42
Syracuse,Weekly,2024-11-17,Conventional,1.047103669,115253.98,46711.1,24118.38,388.08,44036.42
Syracuse,Weekly,2024-11-24,Conventional,1.047103669,115253.98,46711.1,24118.38,388.08,44036.42
Syracuse,Weekly,2024-12-01,Conventional,1.047103669,115253.98,46711.1,24118.38,388.08,44036.42
Syracuse,Weekly,2024-12-08,Conventional,1.047103669,115253.98,46711.1,24118.38,388.08,44036.42
Syracuse,Weekly,2024-12-15,Conventional,1.047103669,115253.98,46711.1,24118.38,388.08,44036.42
Syracuse,Weekly,2024-12-22,Conventional,1.047103669,115253.98,46711.1,24118.38,388.08,44036.42
Syracuse,Weekly,2024-12-29,Conventional,1.047103669,115253.98,46711.1,24118.38,388.08,44036.42
Syracuse,Weekly,2024-11-10,Organic,1.415290638,8713.49,211.48,158.24,0.0,8343.77
Syracuse,Weekly,2024-11-17,Organic,1.415290638,8713.49,211.48,158.24,0.0,8343.77
Syracuse,Weekly,2024-11-24,Organic,1.415290638,8713.49,211.48,158.24,0.0,8343.77
Syracuse,Weekly,2024-12-01,Organic,1.415290638,8713.49,211.48,158.24,0.0,8343.77
Syracuse,Weekly,2024-12-08,Organic,1.415290638,8713.49,211.48,158.24,0.0,8343.77
Syracuse,Weekly,2024-12-15,Organic,1.415290638,8713.49,211.48,158.24,0.0,8343.77
Syracuse,Weekly,2024-12-22,Organic,1.415290638,8713.49,211.48,158.24,0.0,8343.77
Syracuse,Weekly,2024-12-29,Organic,1.415290638,8713.49,211.48,158.24,0.0,8343.77
Tampa,Weekly,2024-11-10,Conventional,1.055325361,778362.37,464613.47,20706.06,28.18,293014.66
Tampa,Weekly,2024-11-17,Conventional,1.055325361,778362.37,464613.47,20706.06,28.18,293014.66
Tampa,Weekly,2024-11-24,Conventional,1.055325361,778362.37,464613.47,20706.06,28.18,293014.66
Tampa,Weekly,2024-12-01,Conventional,1.055325361,778362.37,464613.47,20706.06,28.18,293014.66
Tampa,Weekly,2024-12-08,Conventional,1.055325361,778362.37,464613.47,20706.06,28.18,293014.66
Tampa,Weekly,2024-12-15,Conventional,1.055325361,778362.37,464613.47,20706.06,28.18,293014.66
Tampa,Weekly,2024-12-22,Conventional,1.055325361,778362.37,464613.47,20706.06,28.18,293014.66
Tampa,Weekly,2024-12-29,Conventional,1.055325361,778362.37,464613.47,20706.06,28.18,293014.66
Tampa,Weekly,2024-11-10,Organic,1.600741838,32136.17,173.11,266.8,0.0,31696.25
Tampa,Weekly,2024-11-17,Organic,1.600741838,32136.17,173.11,266.8,0.0,31696.25
Tampa,Weekly,2024-11-24,Organic,1.600741838,32136.17,173.11,266.8,0.0,31696.25
Tampa,Weekly,2024-12-01,Organic,1.600741838,32136.17,173.11,266.8,0.0,31696.25
Tampa,Weekly,2024-12-08,Organic,1.600741838,32136.17,173.11,266.8,0.0,31696.25
Tampa,Weekly,2024-12-15,Organic,1.600741838,32136.17,173.11,266.8,0.0,31696.25
Tampa,Weekly,2024-12-22,Organic,1.600741838,32136.17,173.11,266.8,0.0,31696.25
Tampa,Weekly,2024-12-29,Organic,1.600741838,32136.17,173.11,266.8,0.0,31696.25
Toledo,Weekly,2024-11-10,Conventional,1.302250273,137557.32,71746.28,29881.56,462.76,35466.72
Toledo,Weekly,2024-11-17,Conventional,1.302250273,137557.32,71746.28,29881.56,462.76,35466.72
Toledo,Weekly,2024-11-24,Conventional,1.302250273,137557.32,71746.28,29881.56,462.76,35466.72
Toledo,Weekly,2024-12-01,Conventional,1.302250273,137557.32,71746.28,29881.56,462.76,35466.72
Toledo,Weekly,2024-12-08,Conventional,1.302250273,137557.32,71746.28,29881.56,462.76,35466.72
Toledo,Weekly,2024-12-15,Conventional,1.302250273,137557.32,71746.28,29881.56,462.76,35466.72
Toledo,Weekly,2024-12-22,Conventional,1.302250273,137557.32,71746.28,29881.56,462.76,35466.72
Toledo,Weekly,2024-12-29,Conventional,1.302250273,137557.32,71746.28,29881.56,462.76,35466.72
Toledo,Weekly,2024-11-10,Organic,1.933740185,5969.85,17.08,1380.2,0.0,4572.56
Toledo,Weekly,2024-11-17,Organic,1.933740185,5969.85,17.08,1380.2,0.0,4572.56
Toledo,Weekly,2024-11-24,Organic,1.933740185,5969.85,17.08,1380.2,0.0,4572.56
Toledo,Weekly,2024-12-01,Organic,1.933740185,5969.85,17.08,1380.2,0.0,4572.56
Toledo,Weekly,2024-12-08,Organic,1.933740185,5969.85,17.08,1380.2,0.0,4572.56
Toledo,Weekly,2024-12-15,Organic,1.933740185,5969.85,17.08,1380.2,0.0,4572.56
Toledo,Weekly,2024-12-22,Organic,1.933740185,5969.85,17.08,1380.2,0.0,4572.56
Toledo,Weekly,2024-12-29,Organic,1.933740185,5969.85,17.08,1380.2,0.0,4572.56
Total U.S.,Weekly,2024-11-10,Conventional,1.16093264,42437343.19,22567735.5,6492013.21,535269.23,12842325.24
Total U.S.,Weekly,2024-11-17,Conventional,1.16093264,42437343.19,22567735.5,6492013.21,535269.23,12842325.24
Total U.S.,Weekly,2024-11-24,Conventional,1.16093264,42437343.19,22567735.5,6492013.21,535269.23,12842325.24
Total U.S.,Weekly,2024-12-01,Conventional,1.16093264,42437343.19,22567735.5,6492013.21,535269.23,12842325.24
Total U.S.,Weekly,2024-12-08,Conventional,1.16093264,42437343.19,22567735.5,6492013.21,535269.23,12842325.24
Total U.S.,Weekly,2024-12-15,Conventional,1.16093264,42437343.19,22567735.5,6492013.21,535269.23,12842325.24
Total U.S.,Weekly,2024-12-22,Conventional,1.16093264,42437343.19,22567735.5,6492013.21,535269.23,12842325.24
Total U.S.,Weekly,2024-12-29,Conventional,1.16093264,42437343.19,22567735.5,6492013.21,535269.23,12842325.24
Total U.S.,Weekly,2024-11-10,Organic,1.682038652,2371128.42,280107.07,272437.57,62.27,1818521.52
Total U.S.,Weekly,2024-11-17,Organic,1.682038652,2371128.42,280107.07,272437.57,62.27,1818521.52
Total U.S.,Weekly,2024-11-24,Organic,1.682038652,2371128.42,280107.07,272437.57,62.27,1818521.52
Total U.S.,Weekly,2024-12-01,Organic,1.682038652,2371128.42,280107.07,272437.57,62.27,1818521.52
Total U.S.,Weekly,2024-12-08,Organic,1.682038652,2371128.42,280107.07,272437.57,62.27,1818521.52
Total U.S.,Weekly,2024-12-15,Organic,1.682038652,2371128.42,280107.07,272437.57,62.27,1818521.52
Total U.S.,Weekly,2024-12-22,Organic,1.682038652,2371128.42,280107.07,272437.57,62.27,1818521.52
Total U.S.,Weekly,2024-12-29,Organic,1.682038652,2371128.42,280107.07,272437.57,62.27,1818521.52
West,Weekly,2024-11-10,Conventional,1.295386944,6264845.29,3309274.46,1525852.23,76461.78,1353256.83
West,Weekly,2024-11-17,Conventional,1.295386944,6264845.29,3309274.46,1525852.23,76461.78,1353256.83
West,Weekly,2024-11-24,Conventional,1.295386944,6264845.29,3309274.46,1525852.23,76461.78,1353256.83
West,Weekly,2024-12-01,Conventional,1.295386944,6264845.29,3309274.46,1525852.23,76461.78,1353256.83
West,Weekly,2024-12-08,Conventional,1.295386944,6264845.29,3309274.46,1525852.23,76461.78,1353256.83
West,Weekly,2024-12-15,Conventional,1.295386944,6264845.29,3309274.46,1525852.23,76461.78,1353256.83
West,Weekly,2024-12-22,Conventional,1.295386944,6264845.29,3309274.46,1525852.23,76461.78,1353256.83
West,Weekly,2024-12-29,Conventional,1.295386944,6264845.29,3309274.46,1525852.23,76461.78,1353256.83
West,Weekly,2024-11-10,Organic,2.018423157,346839.72,82028.14,105904.88,62.27,158844.43
West,Weekly,2024-11-17,Organic,2.018423157,346839.72,82028.14,105904.88,62.27,158844.43
West,Weekly,2024-11-24,Organic,2.018423157,346839.72,82028.14,105904.88,62.27,158844.43
West,Weekly,2024-12-01,Organic,2.018423157,346839.72,82028.14,105904.88,62.27,158844.43
West,Weekly,2024-12-08,Organic,2.018423157,346839.72,82028.14,105904.88,62.27,158844.43
West,Weekly,2024-12-15,Organic,2.018423157,346839.72,82028.14,105904.88,62.27,158844.43
West,Weekly,2024-12-22,Organic,2.018423157,346839.72,82028.14,105904.88,62.27,158844.43
West,Weekly,2024-12-29,Organic,2.018423157,346839.72,82028.14,105904.88,62.27,158844.43
West Tex/New Mexico,Weekly,2024-11-10,Conventional,1.079191077,814652.81,411990.96,81612.98,5600.51,315448.36
West Tex/New Mexico,Weekly,2024-11-17,Conventional,1.079191077,814652.81,411990.96,81612.98,5600.51,315448.36
West Tex/New Mexico,Weekly,2024-11-24,Conventional,1.079191077,814652.81,411990.96,81612.98,5600.51,315448.36
West Tex/New Mexico,Weekly,2024-12-01,Conventional,1.079191077,814652.81,411990.96,81612.98,5600.51,315448.36
West Tex/New Mexico,Weekly,2024-12-08,Conventional,1.079191077,814652.81,411990.96,81612.98,5600.51,315448.36
West Tex/New Mexico,Weekly,2024-12-15,Conventional,1.079191077,814652.81,411990.96,81612.98,5600.51,315448.36
West Tex/New Mexico,Weekly,2024-12-22,Conventional,1.079191077,814652.81,411990.96,81612.98,5600.51,315448.36
West Tex/New Mexico,Weekly,2024-12-29,Conventional,1.079191077,814652.81,411990.96,81612.98,5600.51,315448.36
West Tex/New Mexico,Weekly,2024-11-10,Organic,1.650377268,26276.25,4239.44,845.86,0.0,21190.95
West Tex/New Mexico,Weekly,2024-11-17,Organic,1.650377268,26276.25,4239.44,845.86,0.0,21190.95
West Tex/New Mexico,Weekly,2024-11-24,Organic,1.650377268,26276.25,4239.44,845.86,0.0,21190.95
West Tex/New Mexico,Weekly,2024-12-01,Organic,1.650377268,26276.25,4239.44,845.86,0.0,21190.95
West Tex/New Mexico,Weekly,2024-12-08,Organic,1.650377268,26276.25,4239.44,845.86,0.0,21190.95
West Tex/New Mexico,Weekly,2024-12-15,Organic,1.650377268,26276.25,4239.44,845.86,0.0,21190.95
West Tex/New Mexico,Weekly,2024-12-22,Organic,1.650377268,26276.25,4239.44,845.86,0.0,21190.95
West Tex/New Mexico,Weekly,2024-12-29,Organic,1.650377268,26276.25,4239.44,845.86,0.0,21190.95
Wichita,Weekly,2024-11-10,Conventional,1.208084519,104343.33,53525.73,18310.88,2.91,32503.8
Wichita,Weekly,2024-11-17,Conventional,1.208084519,104343.33,53525.73,18310.88,2.91,32503.8
Wichita,Weekly,2024-11-24,Conventional,1.208084519,104343.33,53525.73,18310.88,2.91,32503.8
Wichita,Weekly,2024-12-01,Conventional,1.208084519,104343.33,53525.73,18310.88,2.91,32503.8
Wichita,Weekly,2024-12-08,Conventional,1.208084519,104343.33,53525.73,18310.88,2.91,32503.8
Wichita,Weekly,2024-12-15,Conventional,1.208084519,104343.33,53525.73,18310.88,2.91,32503.8
Wichita,Weekly,2024-12-22,Conventional,1.208084519,104343.33,53525.73,18310.88,2.91,32503.8
Wichita,Weekly,2024-12-29,Conventional,1.208084519,104343.33,53525.73,18310.88,2.91,32503.8
Wichita,Weekly,2024-11-10,Organic,1.424999296,5475.51,1678.51,4.86,0.0,3792.14
Wichita,Weekly,2024-11-17,Organic,1.424999296,5475.51,1678.51,4.86,0.0,3792.14
Wichita,Weekly,2024-11-24,Organic,1.424999296,5475.51,1678.51,4.86,0.0,3792.14
Wichita,Weekly,2024-12-01,Organic,1.424999296,5475.51,1678.51,4.86,0.0,3792.14
Wichita,Weekly,2024-12-08,Organic,1.424999296,5475.51,1678.51,4.86,0.0,3792.14
Wichita,Weekly,2024-12-15,Organic,1.424999296,5475.51,1678.51,4.86,0.0,3792.14
Wichita,Weekly,2024-12-22,Organic,1.424999296,5475.51,1678.51,4.86,0.0,3792.14
Wichita,Weekly,2024-12-29,Organic,1.424999296,5475.51,1678.51,4.86,0.0,3792.14
